"task","view","treatment","baseline","classification","matched_families_available","matched_families_planned","difference_percentage_points","baseline_accuracy","treatment_accuracy","relative_error_reduction","ci_status","ci_lower_pp","ci_upper_pp","bootstrap_seed","bootstrap_iterations","degenerate","discordant_families","complete_strata","missing_worst_case_pp","missing_best_case_pp","mcnemar_exact_descriptive_p"
"ast_to_source","complete","named_end","generic_end","exploratory","15","48","NA","NA","NA","NA","not_computed","NA","NA","2026100602","0","false","8","false","-15.625","72.917","NA"
"ast_to_source","complete","named_end","padded_end","exploratory","15","48","NA","NA","NA","NA","not_computed","NA","NA","2026100602","0","false","8","false","-15.625","73.958","NA"
"ast_to_source","complete","named_end","typed_end","exploratory","15","48","NA","NA","NA","NA","not_computed","NA","NA","2026100602","0","false","5","false","-25.000","63.542","NA"
"ast_to_source","complete","typed_end","generic_end","exploratory","15","48","NA","NA","NA","NA","not_computed","NA","NA","2026100602","0","false","4","false","-34.375","53.125","NA"
"ast_to_source","complete","named_end","braces","exploratory","15","48","NA","NA","NA","NA","not_computed","NA","NA","2026100602","0","false","5","false","-23.958","64.583","NA"
"source_to_ast","complete","named_end","generic_end","exploratory","12","48","NA","NA","NA","NA","not_computed","NA","NA","2026100602","0","false","4","false","-47.917","51.042","NA"
"source_to_ast","complete","named_end","padded_end","exploratory","13","48","NA","NA","NA","NA","not_computed","NA","NA","2026100602","0","false","2","false","-50.000","47.917","NA"
"source_to_ast","complete","named_end","typed_end","exploratory","13","48","NA","NA","NA","NA","not_computed","NA","NA","2026100602","0","false","5","false","-51.042","46.875","NA"
"source_to_ast","complete","typed_end","generic_end","exploratory","12","48","NA","NA","NA","NA","not_computed","NA","NA","2026100602","0","false","5","false","-45.833","53.125","NA"
"source_to_ast","complete","named_end","braces","exploratory","13","48","NA","NA","NA","NA","not_computed","NA","NA","2026100602","0","false","4","false","-47.917","50.000","NA"
