"trial_id","family_id","task","view","style","lexical_regime","outcome","reason","first_parse_error_code","first_parse_error_line","first_parse_error_column","model_evaluable","dispatched","terminal","element_count_difference","unknown_names","closed_names","order_mismatch"
"039085f918283eca5f4be1494027d959aec1d745e36291718c530460fdfcb63c","family-04530c98f34024228dd8","active_stack","after_close","generic_end","natural","wrong_answer","Active scope names or order differ","","","","true","true","true","1","","n_egbfdupj","false"
"03efface9e77c619ad8b8c9ac587183c9753786afff025c5dfb7fcc28b9990e3","family-fc24307c88e4692b9573","active_stack","after_close","typed_end","nonce","wrong_answer","Active scope names or order differ","","","","true","true","true","1","","n_yxhwqouh","false"
"0410edcf39e13e0176d962348218d666ee7e906a89c17c23aaa94d1ec419975a","family-c9ae1d0b343e389d585c","active_stack","after_close","generic_end","natural","wrong_answer","Active scope names or order differ","","","","true","true","true","1","","n_fnquxvhr","false"
"04ec57091982581a995c02ea723365bc9a88910aea498743b801bd75eac565cd","family-ca6a37aa0296519b870f","ast_to_source","complete","padded_end","natural","invalid_generated_syntax","Full program ends with open scopes","unclosed_scope","63","1","true","true","true","","","",""
"0518bc3fb978e2d2b7045ce1f5d1a5e9e784732131fabd43cd6daf9743b99629","family-ca6a37aa0296519b870f","ast_to_source","complete","typed_end","natural","invalid_generated_syntax","Full program ends with open scopes","unclosed_scope","64","1","true","true","true","","","",""
"06ebaa641232191435f6b752038967da0b26432d3ed346f972f175568454dbe2","family-19a0bce754b8db9c18ff","ast_to_source","complete","typed_end","nonce","invalid_generated_syntax","Full program ends with open scopes","unclosed_scope","32","1","true","true","true","","","",""
"07b848a62ad4ffcf0d5d30fbe7d46080d530ee42392846997a230b07d260e914","family-c20a51ba14d4b564c56f","scope_lookup","after_close","generic_end","natural","wrong_answer","Expected 8976; received 4382","","","","true","true","true","","","",""
"0ba9031a9acbdd1af4a3bbf42ae77ff5a1e5b4086e781d607cb98c2168277f25","family-246bd464662341aff652","ast_to_source","complete","padded_end","natural","invalid_generated_syntax","Full program ends with open scopes","unclosed_scope","38","1","true","true","true","","","",""
"0ca4fea06126fd953f1434d1cdaaad05a8418009f96801b1878982736433bb04","family-5b08ef31b220a5752260","ast_to_source","complete","generic_end","nonce","invalid_generated_syntax","Full program ends with open scopes","unclosed_scope","40","1","true","true","true","","","",""
"0e85b0feff8c4b5bf61e171935b811b9a0694cdd2e04194c35a13304eddb46b8","family-ca6a37aa0296519b870f","ast_to_source","complete","generic_end","nonce","invalid_generated_syntax","Full program ends with open scopes","unclosed_scope","64","1","true","true","true","","","",""
"105d319af645ee30506971956a3fe6ede8efff8999ae92611615d63932f9a5ed","family-c9ae1d0b343e389d585c","active_stack","after_close","braces","natural","wrong_answer","Active scope names or order differ","","","","true","true","true","1","","n_fnquxvhr","false"
"14f626b9220095c712d6f689dcc1172c22b1acda96740b60618bda19710ecee8","family-c20a51ba14d4b564c56f","scope_lookup","after_close","typed_end","nonce","wrong_answer","Expected 8976; received 6842","","","","true","true","true","","","",""
"167e87b42398d70c448a1f258349c7c9fbd3440990dcb272f7f9a14dbc3e7794","family-94c8ec17a1a222517f2d","scope_lookup","after_close","braces","natural","wrong_answer","Expected 1331; received 3209","","","","true","true","true","","","",""
"16f79adad146c54494e95293b207c8bd0e0af498424599eed431432bdf4d9eba","family-103bb5b28db6b3667b32","ast_to_source","complete","braces","natural","invalid_generated_syntax","Full program ends with open scopes","unclosed_scope","31","1","true","true","true","","","",""
"1922b794b21f8fd425f082978e5e51aed18fc320033e97364e676481fcd569c9","family-b0a3437c3644a0209eb3","active_stack","after_close","typed_end","natural","wrong_answer","Active scope names or order differ","","","","true","true","true","1","","n_pvqbitty","false"
"1dc1daac393b5da1eb0c67fc1cf0a393d30ab304300d6a2538b4541610563dff","family-215fd8e35bc600739220","scope_lookup","after_close","braces","nonce","wrong_answer","Expected 1172; received 4631","","","","true","true","true","","","",""
"1dd42a33d80523c6b58094493d8d65d1b18262b361f90dd8a8a052baad85ac8d","family-dded1a37555f1ded81b4","ast_to_source","complete","generic_end","nonce","invalid_generated_syntax","Full program ends with open scopes","unclosed_scope","40","1","true","true","true","","","",""
"2124ee9fb94993fad54cba1964fcebd546bd560033791e07816fcf306e5fa94e","family-c20a51ba14d4b564c56f","active_stack","after_close","generic_end","natural","wrong_answer","Active scope names or order differ","","","","true","true","true","-1","","","false"
"21417f3dc1174241c01787a9b7a7b29347476e44cb20df0e5f9d3b6a586e8c2a","family-103bb5b28db6b3667b32","ast_to_source","complete","braces","nonce","invalid_generated_syntax","Full program ends with open scopes","unclosed_scope","31","1","true","true","true","","","",""
"2242c1d1ecf43180314ca7efe22621b37a2d35bdd5e82c67375f13017edfc512","family-19a0bce754b8db9c18ff","ast_to_source","complete","padded_end","natural","invalid_generated_syntax","Full program ends with open scopes","unclosed_scope","31","1","true","true","true","","","",""
"2392c95c1b0ac3e1cefe84c46662074ce7bdec796a6a68316fa0a0329e593fed","family-22c251d84d6938759074","scope_lookup","after_close","braces","nonce","wrong_answer","Expected 5741; received 5732","","","","true","true","true","","","",""
"24a1dd2e71bf03472365ce55c388b47e33f232cd7bd8469861d432641076878f","family-147fc4bd86f94ee257b3","active_stack","after_close","braces","natural","wrong_answer","Active scope names or order differ","","","","true","true","true","-1","","","false"
"25e3b1c9bacc7be6a0021d24e74236460c039fe3cdd9c62a1bb79a07bd0ba103","family-246bd464662341aff652","ast_to_source","complete","typed_end","nonce","invalid_generated_syntax","Full program ends with open scopes","unclosed_scope","39","1","true","true","true","","","",""
"26f9ba397f98f563fdbe75d4ac4b0a18098d6376fd91aa04f81e762f2f20916e","family-4adf0971ad06d7e1d086","ast_to_source","complete","braces","nonce","invalid_generated_syntax","Full program ends with open scopes","unclosed_scope","64","1","true","true","true","","","",""
"2ad6ddd2b6f0d36ff7a74f98f717297d056cf7dd1f86b44b9608881813925f7f","family-147fc4bd86f94ee257b3","scope_lookup","after_close","padded_end","natural","wrong_answer","Expected 9165; received 2251","","","","true","true","true","","","",""
"2cd3d66e8affea361d7c3d7cbd242bf54d70c1a98140d9e856a75a5d4d11f3ee","family-b7743d2e355eb0ded84b","ast_to_source","complete","padded_end","natural","invalid_generated_syntax","Full program ends with open scopes","unclosed_scope","63","1","true","true","true","","","",""
"2db4c691afbce7abc1dcab1b862882427285f556ffb94931d2cc571491986ad0","family-ee6fdef925a62d30d6c0","ast_to_source","complete","padded_end","nonce","invalid_generated_syntax","Full program ends with open scopes","unclosed_scope","31","1","true","true","true","","","",""
"2e0eddc451547d4cfc61cacd91c5e60516c47c480bb1d6a0e96b0d90b4d7bdea","family-246bd464662341aff652","ast_to_source","complete","generic_end","nonce","invalid_generated_syntax","Full program ends with open scopes","unclosed_scope","38","1","true","true","true","","","",""
"2eaa7fadfad196e23f6b1fc1bffe87a419594522fcf7e576bcc0e162647a753c","family-910c239ac74577d81f5d","ast_to_source","complete","padded_end","nonce","invalid_generated_syntax","Full program ends with open scopes","unclosed_scope","30","1","true","true","true","","","",""
"3011f7224ee58153b914d3cdece9f46d0b3357ca508745ff7271242b89779bb8","family-36e2f96ec96753b864ac","active_stack","after_close","generic_end","nonce","wrong_answer","Active scope names or order differ","","","","true","true","true","-1","","","false"
"314e1362a52ed912c351021adde2ac8cd03237a0b350bdad9af3c90cf0e91960","family-2f23d707d920b9c349aa","active_stack","after_close","padded_end","nonce","wrong_answer","Active scope names or order differ","","","","true","true","true","1","","n_pvblbrtc","false"
"31b44cc1f40ee9d5dd36bf336964056f79efebf300b542e7d039ef69f8163201","family-fc24307c88e4692b9573","scope_lookup","after_close","generic_end","nonce","wrong_answer","Expected 3328; received 6426","","","","true","true","true","","","",""
"328b1c089ea410539390e05aff32d1530f6fa9fdb74f3b9ebc686085f2791047","family-b17857f5ade3db61c2ac","active_stack","after_close","braces","natural","wrong_answer","Active scope names or order differ","","","","true","true","true","-1","","","false"
"36bf4e83ccb2d9c94a52c8cfdda323ba5ce1d595fa4e95397704e97e604eb830","family-ee6fdef925a62d30d6c0","ast_to_source","complete","generic_end","nonce","invalid_generated_syntax","Full program ends with open scopes","unclosed_scope","31","1","true","true","true","","","",""
"380f056367068e956c7f42766993ad12b3c60ae72788b1babee0965b73c5d567","family-910c239ac74577d81f5d","ast_to_source","complete","generic_end","nonce","invalid_generated_syntax","Full program ends with open scopes","unclosed_scope","31","1","true","true","true","","","",""
"38c826942176726f1144d46f0f8d2dc1d9d218bbe10ce617ec00c68ec4f37793","family-fc24307c88e4692b9573","scope_lookup","after_close","typed_end","nonce","wrong_answer","Expected 3328; received 6426","","","","true","true","true","","","",""
"38e2d019877ef7dd488d45fc4e28c68990497834c001c4d20deb96bd83a3c109","family-c20a51ba14d4b564c56f","active_stack","before_close","typed_end","nonce","wrong_answer","Active scope names or order differ","","","","true","true","true","1","","n_gogqknut","false"
"3965c4647c2e5db75d28c30a2a9809fbbaf71052bb8af7f688fe80e18fecc6a1","family-d9ad622ba3d145367440","scope_lookup","after_close","named_end","natural","wrong_answer","Expected 8636; received 6050","","","","true","true","true","","","",""
"3c92d814013289c3237060b9e65c567fb488524b3af378e827b4820ccae30793","family-910c239ac74577d81f5d","ast_to_source","complete","braces","nonce","invalid_generated_syntax","Full program ends with open scopes","unclosed_scope","31","1","true","true","true","","","",""
"3cd65748af6f00e289293907033f51fdcd45872e069ccbbf02e0de1b0e1f511a","family-a7a799cbbd863a1e87d8","active_stack","after_close","braces","natural","wrong_answer","Active scope names or order differ","","","","true","true","true","1","","n_illcnsrk","false"
"3d84effa8e3f205337885c77ee877c40ef12f214e78f081653a55da264eabd5c","family-dded1a37555f1ded81b4","ast_to_source","complete","braces","natural","invalid_generated_syntax","Full program ends with open scopes","unclosed_scope","40","1","true","true","true","","","",""
"3ead0f168eaaf79d8d3ae24e70c6168cc8b253856546b7c049f6a987f890d64d","family-4ce19b18f63f5ed6e84a","ast_to_source","complete","padded_end","natural","invalid_generated_syntax","Full program ends with open scopes","unclosed_scope","38","1","true","true","true","","","",""
"440e7f737a8ea316c45d8d0bb0bcf6dd608f2dfd702c01597c470b92217d5b74","family-ca6a37aa0296519b870f","ast_to_source","complete","padded_end","nonce","invalid_generated_syntax","Full program ends with open scopes","unclosed_scope","63","1","true","true","true","","","",""
"4569d4b2681ec68461111ebf1a559de662c27dd0521a40bf2abe0d09a64ee1fb","family-6d5dd8cb20e178914d5e","scope_lookup","after_close","typed_end","nonce","wrong_answer","Expected 3856; received 8015","","","","true","true","true","","","",""
"46b36d0998e15b1a6eb8394b454ff558db4d51a609421897e8a32522528ae6c5","family-94c8ec17a1a222517f2d","active_stack","after_close","padded_end","natural","wrong_answer","Active scope names or order differ","","","","true","true","true","-1","","","false"
"4828f292cb2c3ac53cf60f737762f3e427def39fb6ac1c498ab176e5ef0b9183","family-d2385d5b8d938c3bda0f","scope_lookup","after_close","braces","natural","wrong_answer","Expected 7152; received 7595","","","","true","true","true","","","",""
"4a8960a42265a8c297bb03ff5fc1566609ac5591c7848236ca8c4627b5f8aa38","family-103bb5b28db6b3667b32","ast_to_source","complete","padded_end","natural","invalid_generated_syntax","Full program ends with open scopes","unclosed_scope","30","1","true","true","true","","","",""
"4b595afb54fe4496c88f7d0ff60e160e195ae7f778479b1364c7b69dafb3ec10","family-2334effaf6a9f5aadb2a","scope_lookup","after_close","generic_end","nonce","wrong_answer","Expected 6970; received 8856","","","","true","true","true","","","",""
"4bc1e8b15064ae5dc9e41549e81690fc4a0bc18e42feba150671eb28ec64d301","family-d6827545b83f6d2eb424","scope_lookup","after_close","padded_end","natural","wrong_answer","Expected 1063; received 1184","","","","true","true","true","","","",""
"4cab47d8e9182554eb6dba63485de4a5a6a4a11c50828271fd5d43593a770393","family-6d5dd8cb20e178914d5e","active_stack","after_close","braces","natural","wrong_answer","Active scope names or order differ","","","","true","true","true","-2","","","false"
"4fa4ec2eb6b28aad20f4e13009be9b72801bbcc69e7ce19af78ac5abcf8ea9f9","family-c9ae1d0b343e389d585c","scope_lookup","after_close","braces","nonce","wrong_answer","Expected 6402; received 8162","","","","true","true","true","","","",""
"50a68d6baba838499fc62c984e813f9da6a0a75bd210ecc3eac4f27fdf329266","family-d9ad622ba3d145367440","scope_lookup","after_close","typed_end","natural","wrong_answer","Expected 8636; received 6050","","","","true","true","true","","","",""
"50e122d64deee81211f2c944543cfe3acca582e5f42a41df59d9608186f4545c","family-fced3b9af57be3c4e51c","active_stack","after_close","braces","natural","wrong_answer","Active scope names or order differ","","","","true","true","true","-1","","","false"
"51b82eb0ecaaab96776d0f6893f8e9e2b8d4786d2d1c20a89dfbec107ea3a2aa","family-242e431f9865f66e794d","active_stack","after_close","braces","nonce","wrong_answer","Active scope names or order differ","","","","true","true","true","-1","","","false"
"538cd5fbbe70d12553fc8e7001a106a8829b3cee583e9da33d3c2c0671d5c00c","family-04530c98f34024228dd8","scope_lookup","after_close","generic_end","nonce","wrong_answer","Expected 5448; received 4271","","","","true","true","true","","","",""
"5663112f3c6e71b1b05e8c14a0774cf0ca5c792e1845fa7df5ea3f06c3c8c312","family-414aa59065b8d3a82497","active_stack","after_close","braces","nonce","wrong_answer","Active scope names or order differ","","","","true","true","true","1","","n_mhokoluv","false"
"5e8537824a7b2d390f5f5de6999c07f566d49ebffcd080b740ef483295b99479","family-c20a51ba14d4b564c56f","active_stack","after_close","braces","nonce","wrong_answer","Active scope names or order differ","","","","true","true","true","-1","","","false"
"5fe40eb439945a6593e3d363311665bc11a7bcb726f8963c6a9548d947bbdc11","family-b7743d2e355eb0ded84b","ast_to_source","complete","braces","natural","valid_syntax_wrong_ast","Parsed AST differs from the original","","","","true","true","true","","","",""
"6050dce09d8f5a97ed1c9b12b073b2b8d6e97a5904a2beee38666fdbe20299b5","family-7229cff0550ca30e4d31","active_stack","after_close","braces","natural","wrong_answer","Active scope names or order differ","","","","true","true","true","1","","n_wntplbrb","false"
"60e7e393dfd4c09a141dc3633f3fd9d7fb66ea8ec44693dbcba497bc72e6ac75","family-103bb5b28db6b3667b32","ast_to_source","complete","generic_end","nonce","invalid_generated_syntax","Full program ends with open scopes","unclosed_scope","30","1","true","true","true","","","",""
"627aef53ef267de8c03b707b70058f05548614ebce54c01c43ed993b1d601a55","family-a7fc56ae4b8f36941fd7","active_stack","after_close","generic_end","natural","wrong_answer","Active scope names or order differ","","","","true","true","true","-1","","","false"
"646fb60c8c6cac53f83a2814bd727c5b101a49c8636d9059ebd442587cfc6654","family-215fd8e35bc600739220","active_stack","after_close","braces","nonce","wrong_answer","Active scope names or order differ","","","","true","true","true","-1","","","false"
"67068756b34eae7d966a43c661c9754df44e7e3277ca939848419358061c205f","family-fc24307c88e4692b9573","scope_lookup","after_close","braces","natural","wrong_answer","Expected 3328; received 6426","","","","true","true","true","","","",""
"6855fd3e78bf39164946d629e28b0e12ebf53b3f8e8adcc0e32261753d332853","family-d2385d5b8d938c3bda0f","active_stack","after_close","braces","nonce","wrong_answer","Active scope names or order differ","","","","true","true","true","1","","n_abhclmyc","false"
"6a0484caab6cc09abbc0c93c1a790598880d575dae7aeb24345d01fffdd32a0c","family-fced3b9af57be3c4e51c","scope_lookup","after_close","typed_end","natural","wrong_answer","Expected 8176; received 9123","","","","true","true","true","","","",""
"6b268bdb731fdc72efff81e0eba9ee924b3d0eab3155fa6a1566842831afe57d","family-bd886adb1d944ff74283","active_stack","after_close","braces","nonce","wrong_answer","Active scope names or order differ","","","","true","true","true","1","","n_zovwplqx","false"
"6e1c84dd7f7f082e2aef975ae52372ca8e34c527133a6208e6f0d3aa6184a0a2","family-19a0bce754b8db9c18ff","ast_to_source","complete","padded_end","nonce","invalid_generated_syntax","Full program ends with open scopes","unclosed_scope","31","1","true","true","true","","","",""
"6fba2dabd577915d0244532481222d35c567066208cba9fefa43c05a317a1e51","family-5b08ef31b220a5752260","ast_to_source","complete","generic_end","natural","invalid_generated_syntax","Full program ends with open scopes","unclosed_scope","40","1","true","true","true","","","",""
"711187bb778adbdc132711b54b86a1eb6b05fd4c176dc4b8e1a74c44eac0c8a3","family-04530c98f34024228dd8","active_stack","after_close","generic_end","nonce","wrong_answer","Active scope names or order differ","","","","true","true","true","1","","n_egbfdupj","false"
"76531312796b0d9f61ff4af6b97b1af797a1e2c63ee5093958f4ebd8589ed39d","family-22c251d84d6938759074","scope_lookup","after_close","typed_end","natural","wrong_answer","Expected 5741; received 2130","","","","true","true","true","","","",""
"7730b3424ccd933990b47a13f299efec47dd78f3a2285a8c2f0bfd7ee0d5b217","family-dded1a37555f1ded81b4","ast_to_source","complete","padded_end","nonce","invalid_generated_syntax","Full program ends with open scopes","unclosed_scope","39","1","true","true","true","","","",""
"7756e84ac29e5905b6b4aba1fa550dd9dde7896d88a5d1c62293524153dff216","family-4ce19b18f63f5ed6e84a","ast_to_source","complete","braces","nonce","invalid_generated_syntax","Full program ends with open scopes","unclosed_scope","39","1","true","true","true","","","",""
"7b3b6ebbe79aa620ab384e9d6b7f50adbf4276ac1423175749f1eb0a8aeede6d","family-be2a1c2d31517521c42f","ast_to_source","complete","braces","nonce","invalid_generated_syntax","Full program ends with open scopes","unclosed_scope","63","1","true","true","true","","","",""
"7c515bcd2cbcdd2e5e1a7a7dfc02bfae513217045b6f433fc9e77259f0c3697f","family-c1f5a3a439a930cd0f36","scope_lookup","after_close","braces","natural","wrong_answer","Expected 2892; received 4651","","","","true","true","true","","","",""
"7ceb254855b05a13bd828878792620b57145a237d3ab43bbde7599508cd432f9","family-4ce19b18f63f5ed6e84a","ast_to_source","complete","padded_end","nonce","invalid_generated_syntax","Full program ends with open scopes","unclosed_scope","39","1","true","true","true","","","",""
"7d99e88c8e0a0803472d01732c4b6a61a9323d6a72f1b50445eccc2dbff24892","family-5d733d6cead607cd7bcb","scope_lookup","after_close","braces","nonce","wrong_answer","Expected 2126; received 6098","","","","true","true","true","","","",""
"7ebed3a8d750f22bb152c03008e6162d47d1e589c647711c8a63d1b759410c2b","family-b7743d2e355eb0ded84b","ast_to_source","complete","generic_end","nonce","invalid_generated_syntax","Full program ends with open scopes","unclosed_scope","63","1","true","true","true","","","",""
"7ffb84f47981756df0ec0d581c372cd9725230d26b7f0b30ba504ba5397cbe4e","family-c9ae1d0b343e389d585c","active_stack","after_close","braces","nonce","wrong_answer","Active scope names or order differ","","","","true","true","true","1","","n_fnquxvhr","false"
"830a55a3c04e33843a7f5923df6b08470447015cadd3a4ab78767e993c33d330","family-4ce19b18f63f5ed6e84a","ast_to_source","complete","typed_end","nonce","invalid_generated_syntax","Expected nix gupi","close_mismatch","39","1","true","true","true","","","",""
"866be2f6ac606875c37d17b7a2e0f1657e471e20706b17ee59078814766c10f3","family-6d5dd8cb20e178914d5e","scope_lookup","after_close","generic_end","natural","wrong_answer","Expected 3856; received 7955","","","","true","true","true","","","",""
"87223e7052439448c6050efe3b8799d5ea5d2e3788f1b9cdee39afd7a03f6b67","family-d9ad622ba3d145367440","scope_lookup","after_close","braces","nonce","wrong_answer","Expected 8636; received 6050","","","","true","true","true","","","",""
"873fdd26b3c9267c514924428839eb082e72757b440174a8ed3252c5764cbd1f","family-aa4491eea924c9d91871","scope_lookup","after_close","padded_end","nonce","wrong_answer","Expected 6780; received 3103","","","","true","true","true","","","",""
"89dcb22fb631b9be900ac99211e18e647ee65436071219132d99fcca6ce0cd41","family-fc24307c88e4692b9573","active_stack","after_close","braces","nonce","wrong_answer","Active scope names or order differ","","","","true","true","true","1","","n_yxhwqouh","false"
"8a1f8b63d57440c0b5fc35e0146316094fddad687ca88d384cf6322714a80c47","family-4adf0971ad06d7e1d086","ast_to_source","complete","padded_end","natural","invalid_generated_syntax","Full program ends with open scopes","unclosed_scope","64","1","true","true","true","","","",""
"8a46678e19e834405bdf00a2a6eb07fbad7ee91d5f03ebf26fbbbb68f0aca8aa","family-a7fc56ae4b8f36941fd7","active_stack","after_close","generic_end","nonce","wrong_answer","Active scope names or order differ","","","","true","true","true","-1","","","false"
"8a50914011ac1b3e8e6d1d89412e124648f77aedc23af3e5bb26aa7b261c2113","family-b17857f5ade3db61c2ac","active_stack","after_close","typed_end","natural","wrong_answer","Active scope names or order differ","","","","true","true","true","-1","","","false"
"8ac37fcc52ff46e38eb0922ac1d54833ed822a5d5a1e8745b70adb6e8bcd99a2","family-6d5dd8cb20e178914d5e","scope_lookup","after_close","braces","natural","wrong_answer","Expected 3856; received 7955","","","","true","true","true","","","",""
"8d7eb4a50272f807ff384717233ba57aa569a97ed5d90ba1213941a0bb07a07c","family-246bd464662341aff652","ast_to_source","complete","generic_end","natural","invalid_generated_syntax","Full program ends with open scopes","unclosed_scope","38","1","true","true","true","","","",""
"8e040479a6eb0d7ce7954ce257f2e6d49156e368eb07f0f685d571f7b71cebbf","family-ee6fdef925a62d30d6c0","ast_to_source","complete","generic_end","natural","invalid_generated_syntax","Full program ends with open scopes","unclosed_scope","31","1","true","true","true","","","",""
"8e3f628986c44d7211ddbe6f58ffac6a5ff34425bfa95610747ceaf7dfb7cc85","family-5b08ef31b220a5752260","ast_to_source","complete","padded_end","nonce","invalid_generated_syntax","Full program ends with open scopes","unclosed_scope","39","1","true","true","true","","","",""
"8f467ecbdaa4c240c3a1d64692d6d4d580ee7e924b3f0a715948f407182efbc0","family-c1f5a3a439a930cd0f36","active_stack","after_close","named_end","natural","wrong_answer","Active scope names or order differ","","","","true","true","true","1","","n_nyvdugjb","false"
"8f88e4af13bfaf6a2e9b05d99dafcb88470f4fba6f4ec749de077a4fbb3b510a","family-04530c98f34024228dd8","active_stack","after_close","braces","nonce","wrong_answer","Active scope names or order differ","","","","true","true","true","1","","n_egbfdupj","false"
"9610384ab7f8998443b99629d47dcf8239866bf971a4250cfbd28de2f0ac9b62","family-b0a3437c3644a0209eb3","active_stack","after_close","braces","natural","wrong_answer","Active scope names or order differ","","","","true","true","true","1","","n_pvqbitty","false"
"96d7f0669cf2e16b70cfca613a5bface5e50633cea207214323f4e0b9de5d6cb","family-19a0bce754b8db9c18ff","ast_to_source","complete","generic_end","natural","invalid_generated_syntax","Full program ends with open scopes","unclosed_scope","32","1","true","true","true","","","",""
"9720b3fd95342aa2b0a7ad14555cfa617cffcc7b7852f99476f7087e8f855293","family-c9ae1d0b343e389d585c","scope_lookup","after_close","generic_end","natural","wrong_answer","Expected 6402; received 8162","","","","true","true","true","","","",""
"999b24c876c5897b3254126c4e6e7374c9822270e24fb6d9c160cc7505238a59","family-fc24307c88e4692b9573","active_stack","after_close","braces","natural","wrong_answer","Active scope names or order differ","","","","true","true","true","1","","n_yxhwqouh","false"
"99ef9ebd39dd6b1a67142be53b9b4dcbcf6edeaa119797e9f939367382ed9977","family-b0a3437c3644a0209eb3","scope_lookup","after_close","named_end","natural","wrong_answer","Expected 4270; received 2466","","","","true","true","true","","","",""
"9a4b48de0a08d3a7a380f45aa54c6b4220bcb691d9e3b5522258a11e96dc91d2","family-246bd464662341aff652","ast_to_source","complete","padded_end","nonce","invalid_generated_syntax","Full program ends with open scopes","unclosed_scope","38","1","true","true","true","","","",""
"9a73b5d912e1b212320d5b66e9b9091c40e376ba5cfadc8abf6789d2d4038049","family-c20a51ba14d4b564c56f","active_stack","before_close","padded_end","natural","wrong_answer","Active scope names or order differ","","","","true","true","true","-1","","","false"
"9ae3062f48908ec7984465ff93d0800a96c56ac1f078ff766bb7847cb445aafc","family-ee6fdef925a62d30d6c0","ast_to_source","complete","typed_end","natural","invalid_generated_syntax","Full program ends with open scopes","unclosed_scope","32","1","true","true","true","","","",""
"9ae8b1339ee3ee4317e1c7e92477fad48d7b0037b4f98c3963aeac58609d7cad","family-ca6a37aa0296519b870f","ast_to_source","complete","generic_end","natural","invalid_generated_syntax","Full program ends with open scopes","unclosed_scope","64","1","true","true","true","","","",""
"9c65a39381822f7a054e04eea6cebaf3c1f2fbd94bdc6575966dcdf675c45dfd","family-910c239ac74577d81f5d","ast_to_source","complete","padded_end","natural","invalid_generated_syntax","Full program ends with open scopes","unclosed_scope","31","1","true","true","true","","","",""
"9d7f52fe0f1fb3c929da07658efa89eb9f104dc594c42a16813ca79fc830c105","family-90fbf1aa44cbd7abc6e0","scope_lookup","after_close","generic_end","natural","wrong_answer","Expected 9751; received 8248","","","","true","true","true","","","",""
"9e808b1e634799b740976de20ae2496bac8dd787d8ff909777d74eb181e1d22a","family-90fbf1aa44cbd7abc6e0","scope_lookup","after_close","braces","nonce","wrong_answer","Expected 9751; received 8248","","","","true","true","true","","","",""
"9fdb04ebf7c0c7bb69b9083823f91bc3d74d8958f863bb5bbdfd927f0a28b007","family-19a0bce754b8db9c18ff","ast_to_source","complete","braces","nonce","invalid_generated_syntax","Full program ends with open scopes","unclosed_scope","32","1","true","true","true","","","",""
"a244e09111daca3a40aa6175f64819f95ec7dfb4d4706dc5fc6f792eb635a7e2","family-5b08ef31b220a5752260","ast_to_source","complete","braces","natural","invalid_generated_syntax","Full program ends with open scopes","unclosed_scope","40","1","true","true","true","","","",""
"a375c434f7aaf066f122646bd641d87f6a5e8e51c113aba8e2e84924ed264226","family-be2a1c2d31517521c42f","ast_to_source","complete","generic_end","nonce","invalid_generated_syntax","Full program ends with open scopes","unclosed_scope","62","1","true","true","true","","","",""
"a383547325955689182d89ed4611207ba94d91b50e4c4495c6cb50efd14b78b4","family-fc24307c88e4692b9573","active_stack","after_close","typed_end","natural","wrong_answer","Active scope names or order differ","","","","true","true","true","1","","n_yxhwqouh","false"
"a5a921600af63cceed158a32a300b4a383a4299f2ecaada2565cfde9bd704636","family-d2385d5b8d938c3bda0f","scope_lookup","after_close","padded_end","natural","wrong_answer","Expected 7152; received 7595","","","","true","true","true","","","",""
"a5eecbb8f2869fc1802485ecde51ac1a53543759e5ada85cacac4a95a82e3271","family-d2385d5b8d938c3bda0f","active_stack","after_close","braces","natural","wrong_answer","Active scope names or order differ","","","","true","true","true","-1","","","false"
"a74d41532a2a3dfaf0d3705dc5928ae51ff45b34d44644c80f9e433c8c8d9c96","family-04530c98f34024228dd8","scope_lookup","after_close","generic_end","natural","wrong_answer","Expected 5448; received 4271","","","","true","true","true","","","",""
"ab87f4f778809af19ccac98996cb7e7aafdd10405d75fea4b8968a7cb3495fc4","family-a7a799cbbd863a1e87d8","scope_lookup","after_close","braces","natural","wrong_answer","Expected 1883; received 3821","","","","true","true","true","","","",""
"adb71a19185ea467a84c69390bde0d031ad8b5262280bef50085038af6528968","family-b0a3437c3644a0209eb3","scope_lookup","after_close","braces","nonce","wrong_answer","Expected 4270; received 3496","","","","true","true","true","","","",""
"ade0aebf41f5336d0f20db1c920c2eb726790f8c00503c44e1f8c71ef437c3c0","family-04530c98f34024228dd8","scope_lookup","after_close","braces","nonce","wrong_answer","Expected 5448; received 4271","","","","true","true","true","","","",""
"b0d5d304ccd40399e2cd9f57213ec6f8f617c007678569b662d0b47a4eb00296","family-36e2f96ec96753b864ac","active_stack","after_close","generic_end","natural","wrong_answer","Active scope names or order differ","","","","true","true","true","-1","","","false"
"b2593211dfa5f1e89f4e7770009b85c66c937fbbde40fedbd99228c45f11cb33","family-be2a1c2d31517521c42f","ast_to_source","complete","padded_end","nonce","invalid_generated_syntax","Full program ends with open scopes","unclosed_scope","63","1","true","true","true","","","",""
"b28dc21cd5b47417125636341ef1afba4c386bb6591bf31cb0bbe766a5b76a87","family-fced3b9af57be3c4e51c","active_stack","after_close","padded_end","natural","wrong_answer","Active scope names or order differ","","","","true","true","true","-1","","","false"
"b2de0b42888582c47bb766fcd8c15c2bc1cd2f2edfe54d9efe9039cd724fe7eb","family-4adf0971ad06d7e1d086","ast_to_source","complete","typed_end","natural","valid_syntax_wrong_ast","Parsed AST differs from the original","","","","true","true","true","","","",""
"b45f74fef45817030366ee2b9289ef3b64050eb891710343f1cc181ef29e5fa4","family-2ca33b7b0b78982449d6","active_stack","after_close","typed_end","nonce","wrong_answer","Active scope names or order differ","","","","true","true","true","-1","","","false"
"b4b11954af6c68fc84c7461f95d290cb1a39ac97da9e1721b8cf9a5ceed74d97","family-910c239ac74577d81f5d","ast_to_source","complete","generic_end","natural","invalid_generated_syntax","Full program ends with open scopes","unclosed_scope","31","1","true","true","true","","","",""
"b7976a83ebc0701e8f5c345c6e4d94ec3f44cd8e22ddd33c4e04de6c1cf3b249","family-ec5140234ca264abc5cf","ast_to_source","complete","generic_end","nonce","invalid_generated_syntax","Full program ends with open scopes","unclosed_scope","20","1","true","true","true","","","",""
"b87b8d8dd464cd44fd273d409794c5d21b1d2cf5981fc7481c3039a902ffcbdb","family-5b08ef31b220a5752260","ast_to_source","complete","padded_end","natural","invalid_generated_syntax","Full program ends with open scopes","unclosed_scope","40","1","true","true","true","","","",""
"b94f209c9717f104c83a0ec36317d229cb941fd682abc5aa46aedcd833d3cfb9","family-dded1a37555f1ded81b4","ast_to_source","complete","generic_end","natural","invalid_generated_syntax","Full program ends with open scopes","unclosed_scope","40","1","true","true","true","","","",""
"b9af3b7c1e7d11a075d4628cd420d5bab35833a205c84159f4e2dcbf22f8f77b","family-2334effaf6a9f5aadb2a","scope_lookup","after_close","braces","nonce","wrong_answer","Expected 6970; received 8856","","","","true","true","true","","","",""
"bbd483d41f80f8e6e4ec86c953d35fa9ae6714ab383083a9c3d5958e187323c9","family-103bb5b28db6b3667b32","ast_to_source","complete","padded_end","nonce","invalid_generated_syntax","Full program ends with open scopes","unclosed_scope","30","1","true","true","true","","","",""
"bc163f34ac40762b56e010373dc7834bb476fb96a92f3d556efad1f0cbc0a720","family-b0a3437c3644a0209eb3","scope_lookup","after_close","generic_end","nonce","wrong_answer","Expected 4270; received 2466","","","","true","true","true","","","",""
"bc9e32b503df86d0b92a9a92f050040f0b51466238594f9f35553fff359b3e02","family-103bb5b28db6b3667b32","ast_to_source","complete","generic_end","natural","invalid_generated_syntax","Full program ends with open scopes","unclosed_scope","30","1","true","true","true","","","",""
"bdb5748ea93852f625f7e87395c4e8377974f465b09a4681c96671dd23096e48","family-b17857f5ade3db61c2ac","scope_lookup","after_close","typed_end","natural","wrong_answer","Expected 2986; received 7069","","","","true","true","true","","","",""
"bddbbcb0ff3e549a87e87a26f9d2be1d162a1f35992c821a00f87f4cb9449e52","family-4adf0971ad06d7e1d086","ast_to_source","complete","generic_end","nonce","invalid_generated_syntax","Full program ends with open scopes","unclosed_scope","64","1","true","true","true","","","",""
"bffc757d2e6f072dabc59ad55152b49bce36832fdc28d23c886bd7de0fccadda","family-147fc4bd86f94ee257b3","scope_lookup","after_close","generic_end","nonce","wrong_answer","Expected 9165; received 2251","","","","true","true","true","","","",""
"c18af9b9c8e770972bf2a9da888dc3c342ef5d2bc5d550aa128ba8805be53f4d","family-4adf0971ad06d7e1d086","ast_to_source","complete","typed_end","nonce","invalid_generated_syntax","Expected wor sapu","close_mismatch","62","1","true","true","true","","","",""
"c2a56ee384119757b1b7212d6ad48c1fe409b155e54f343614c6848734dc9059","family-ee6fdef925a62d30d6c0","ast_to_source","complete","typed_end","nonce","invalid_generated_syntax","Full program ends with open scopes","unclosed_scope","32","1","true","true","true","","","",""
"c3ffef0ff0b6072e5688b5c031f39d840210854392992504e5276b77d8e28fac","family-be2a1c2d31517521c42f","ast_to_source","complete","generic_end","natural","invalid_generated_syntax","Invalid nop","invalid_nop","29","1","true","true","true","","","",""
"c6db00ad3416139018cb7449d1a754d81db031156fcdf25ddeb202222b0aff18","family-b7743d2e355eb0ded84b","ast_to_source","complete","generic_end","natural","invalid_generated_syntax","Full program ends with open scopes","unclosed_scope","63","1","true","true","true","","","",""
"c735be88bbaffd487c3cfb002253504a3d4b6d8842a5b11c2a35d5676311b153","family-be2a1c2d31517521c42f","ast_to_source","complete","padded_end","natural","invalid_generated_syntax","Full program ends with open scopes","unclosed_scope","62","1","true","true","true","","","",""
"c894c886ace0cf6386f4f36bbeb375e2ff9538dd5e998e490e3623dd0abe990e","family-c20a51ba14d4b564c56f","scope_lookup","after_close","braces","nonce","wrong_answer","Expected 8976; received 4382","","","","true","true","true","","","",""
"c8ae63638f815dcf0467110bf8fcdbcc150672390d91dec8a7f97178b37e5a7b","family-a7a799cbbd863a1e87d8","scope_lookup","after_close","braces","nonce","wrong_answer","Expected 1883; received 3821","","","","true","true","true","","","",""
"c8f66fbee659c1d49ec0236d50794c5a120ff9533568e391ae274225563ebdc1","family-ee6fdef925a62d30d6c0","ast_to_source","complete","padded_end","natural","invalid_generated_syntax","Full program ends with open scopes","unclosed_scope","31","1","true","true","true","","","",""
"c91d34bdf8480bf24bb6d46753e0fe888832fe44a0c1e3c8c2617cb370227bc7","family-4adf0971ad06d7e1d086","ast_to_source","complete","generic_end","natural","invalid_generated_syntax","Full program ends with open scopes","unclosed_scope","64","1","true","true","true","","","",""
"c96eeb30bec9c5fcc9ff9666361a4f422fe89fbef243a7a199ead011eee9c384","family-242e431f9865f66e794d","scope_lookup","after_close","padded_end","nonce","wrong_answer","Expected 7818; received 3166","","","","true","true","true","","","",""
"cb32fc5c346af08431716531855b0969b59be0e2c0b060b3829fef29fda213d8","family-103bb5b28db6b3667b32","ast_to_source","complete","typed_end","natural","invalid_generated_syntax","Expected end area","close_mismatch","29","1","true","true","true","","","",""
"cca0144d01eb37882a7bb72ff66036df1eb49c3f7005561b36f4caa62169ba12","family-96d61087a8d42f272df4","scope_lookup","after_close","braces","nonce","wrong_answer","Expected 7218; received 5993","","","","true","true","true","","","",""
"cdc6178efe2f72c4a433bf98aa31c000d6d2d6a58ce69d64e57ac072b38e09f1","family-bf6b6bb4b34d74e328d5","ast_to_source","complete","generic_end","natural","invalid_generated_syntax","Full program ends with open scopes","unclosed_scope","19","1","true","true","true","","","",""
"cdd967c6cd5c10ab472e2fb63e514594259783c11bd72e75fd17703cd9f6de4d","family-2ca33b7b0b78982449d6","active_stack","after_close","braces","nonce","wrong_answer","Active scope names or order differ","","","","true","true","true","1","","n_omkvjrze","false"
"d07d979e523334d33f15e4ad6c75f3710c895895912bd67d94c70768d05a754f","family-246bd464662341aff652","ast_to_source","complete","braces","nonce","invalid_generated_syntax","Full program ends with open scopes","unclosed_scope","39","1","true","true","true","","","",""
"d90665627c2d9eb928ec9c9c9552e7ae4dbd44391e5d444ee36b2856ac8a5011","family-246bd464662341aff652","ast_to_source","complete","typed_end","natural","invalid_generated_syntax","Full program ends with open scopes","unclosed_scope","39","1","true","true","true","","","",""
"d95048562d62cc765450537e3a0b469d9dc5510710a9c40962dd54343cbe5426","family-6d5dd8cb20e178914d5e","active_stack","after_close","typed_end","natural","wrong_answer","Active scope names or order differ","","","","true","true","true","-1","","","false"
"da2c5345bbe94b21414282eed7c664aa39a1bfdc14ce205a916a3fd47d3e5a7d","family-147fc4bd86f94ee257b3","active_stack","after_close","braces","nonce","wrong_answer","Active scope names or order differ","","","","true","true","true","-1","","","false"
"dc31e680d364566cb92d86dfab2f7a87c35f9a95f232b4341116c5bfb19ef3b2","family-a7fc56ae4b8f36941fd7","scope_lookup","after_close","generic_end","natural","wrong_answer","Expected 7247; received 9191","","","","true","true","true","","","",""
"dc6c69ed9961e72ac529583ad1f433d475bfb1bab375d0be0b4ae1b34507b983","family-210f20ab1304613231bd","active_stack","before_close","braces","nonce","wrong_answer","Active scope names or order differ","","","","true","true","true","-1","","","false"
"dc9fddaa1e2a1ec4c4254ac1c3b1bafb3aecf99d0b3e26a1dd66cc0b28beb62b","family-4ce19b18f63f5ed6e84a","ast_to_source","complete","generic_end","nonce","invalid_generated_syntax","Full program ends with open scopes","unclosed_scope","38","1","true","true","true","","","",""
"dcf8f1d854f8250c442d06b6712d8a4ccf6a68f7f25c9ad62305273b7bb7d1e7","family-d2385d5b8d938c3bda0f","scope_lookup","after_close","named_end","nonce","wrong_answer","Expected 7152; received 7595","","","","true","true","true","","","",""
"dd5ce1195a2d7391da31e2b61d588f6ec621c8e0cc42826ca86759d5f3ab82e7","family-ca6a37aa0296519b870f","ast_to_source","complete","typed_end","nonce","invalid_generated_syntax","Full program ends with open scopes","unclosed_scope","64","1","true","true","true","","","",""
"dda0f6b5c9740bdd0626e5a61e76e1ad49f4d226d0d18187f9a8366e67085858","family-910c239ac74577d81f5d","ast_to_source","complete","braces","natural","invalid_generated_syntax","Full program ends with open scopes","unclosed_scope","31","1","true","true","true","","","",""
"de8b696062a7b413556e0a8f2d6f3f9ecb0bc917b0ad1c629b7de78e5478d3e3","family-fc24307c88e4692b9573","scope_lookup","after_close","named_end","nonce","wrong_answer","Expected 3328; received 6426","","","","true","true","true","","","",""
"e03ad9218d13a4bbe73330bb65d13ad533124ede4ae7d8037fb4017473264d82","family-c9d5d818d874cb511af5","scope_lookup","after_close","typed_end","nonce","wrong_answer","Expected 6854; received 1679","","","","true","true","true","","","",""
"e14ae131322ce954eb9c1d066e083ab3d66601234cfde7e5062d8ff9aceb08d2","family-fced3b9af57be3c4e51c","active_stack","after_close","braces","nonce","wrong_answer","Active scope names or order differ","","","","true","true","true","-1","","","false"
"e193d4135a6b35fc2d09797cb1850976ddaac1e27cc0b19bf511e66efeec2ce3","family-5d733d6cead607cd7bcb","active_stack","after_close","braces","nonce","wrong_answer","Active scope names or order differ","","","","true","true","true","1","","n_zxqsezvb","false"
"e4822ace446a139a8282a084ec8459c72f4231cae197b67bf66c9f686bd7a282","family-e12196fa676dd7b2e9a5","ast_to_source","complete","named_end","nonce","valid_syntax_wrong_ast","Parsed AST differs from the original","","","","true","true","true","","","",""
"e4a75e331f33ffd076de3c5dce8de7b280ee854181b9a25821c8b06f20653266","family-19a0bce754b8db9c18ff","ast_to_source","complete","typed_end","natural","invalid_generated_syntax","Full program ends with open scopes","unclosed_scope","32","1","true","true","true","","","",""
"e50dba7b48b7961a7924f61f4b17cdcead7481b0a219796b2a862cd4b71619a1","family-210f20ab1304613231bd","active_stack","after_close","named_end","natural","wrong_answer","Active scope names or order differ","","","","true","true","true","1","","n_zbyiwcen","false"
"e9c8b3ea0849178aa05ec154f278f70307b212d2368c69d9857f1cd03ef8bbbb","family-2f23d707d920b9c349aa","scope_lookup","after_close","padded_end","nonce","wrong_answer","Expected 6047; received 2591","","","","true","true","true","","","",""
"eddcdcb7cbd80f27336ebf98d5df514c62df66a4ce7e56566bc6c2bdc02fb91e","family-a7a799cbbd863a1e87d8","scope_lookup","after_close","typed_end","natural","wrong_answer","Expected 1883; received 3821","","","","true","true","true","","","",""
"ee45dce8af5d61de7c3b768712640bc42b049f315308ec308c9cd003b8183830","family-a7a799cbbd863a1e87d8","scope_lookup","after_close","named_end","natural","wrong_answer","Expected 1883; received 3821","","","","true","true","true","","","",""
"ee920b1313fda22a5dd5d0d18c81f2fd440469461785ec5d8b498381d5615c3a","family-be2a1c2d31517521c42f","ast_to_source","complete","braces","natural","invalid_generated_syntax","Full program ends with open scopes","unclosed_scope","63","1","true","true","true","","","",""
"eef15cce7afffa49ce7d5b2ba34796c2b955a1262e205d622fda13bfc496f1fb","family-4ce19b18f63f5ed6e84a","ast_to_source","complete","generic_end","natural","invalid_generated_syntax","Full program ends with open scopes","unclosed_scope","39","1","true","true","true","","","",""
"f0574586a5f69f228db0ae8631fe459daf97894d231a871a7cb1c3e45b5e5e8b","family-d2385d5b8d938c3bda0f","scope_lookup","after_close","braces","nonce","wrong_answer","Expected 7152; received 2214","","","","true","true","true","","","",""
"f4bd1748546855a6c53f9472ffc6181a76ba02744f7760550f0fab9673b2ce6a","family-19a0bce754b8db9c18ff","ast_to_source","complete","generic_end","nonce","invalid_generated_syntax","Full program ends with open scopes","unclosed_scope","32","1","true","true","true","","","",""
"f648eb4e9738139d0ff1cfd49acd6a7413b1a01d71e7593e7c79bbaea2e1bccc","family-4ce19b18f63f5ed6e84a","ast_to_source","complete","braces","natural","invalid_generated_syntax","Full program ends with open scopes","unclosed_scope","39","1","true","true","true","","","",""
"f754edd20a886fe99ea51b6a495cd1cb3e905f4d96d1111305ddeeb67378339b","family-b0a3437c3644a0209eb3","active_stack","after_close","braces","nonce","wrong_answer","Active scope names or order differ","","","","true","true","true","1","","n_pvqbitty","false"
"f793e9dc721bf518af8a83f44eebb4b02e0f3b5735eb3b7d2e67da1aa9296905","family-6d5dd8cb20e178914d5e","active_stack","after_close","generic_end","nonce","wrong_answer","Active scope names or order differ","","","","true","true","true","-1","","","false"
"f9f2d59b410647d7d3d6ef9005800e7b073ab16f0376e0fb2b54a19feff8f368","family-414aa59065b8d3a82497","scope_lookup","after_close","braces","nonce","wrong_answer","Expected 5794; received 9238","","","","true","true","true","","","",""
"fd81af23be286b993e80416d8f8f12dfa9f159ca8a48432bf7358c26d4ba38c8","family-b7743d2e355eb0ded84b","ast_to_source","complete","padded_end","nonce","invalid_generated_syntax","Full program ends with open scopes","unclosed_scope","63","1","true","true","true","","","",""
"fda795a64ee04514eb84c2808fc0931e177366c45961fc94b77bf5cef868168e","family-d6827545b83f6d2eb424","scope_lookup","after_close","generic_end","nonce","wrong_answer","Expected 1063; received 1184","","","","true","true","true","","","",""
"fdc63288df8824c2b148ac0383eee905eb562730a2fdab0b603d0d92a3623712","family-dded1a37555f1ded81b4","ast_to_source","complete","padded_end","natural","invalid_generated_syntax","Full program ends with open scopes","unclosed_scope","39","1","true","true","true","","","",""
"fdcec619815f8e541775deebe08d36c6f965a7838275b0ad899dd46ebbf64252","family-6d5dd8cb20e178914d5e","active_stack","after_close","braces","nonce","wrong_answer","Active scope names or order differ","","","","true","true","true","-1","","","false"
"fed75779ce5e6198e2bb880b8ff3ff2b8d592150ffe400e873ffd0c954ca9fc7","family-a7fc56ae4b8f36941fd7","scope_lookup","after_close","named_end","nonce","wrong_answer","Expected 7247; received 9191","","","","true","true","true","","","",""
"ff8f72dd12dad0cc70c2cea014eedd04b715fef6763fea2d108aacf3b29c4470","family-2334effaf6a9f5aadb2a","scope_lookup","after_close","typed_end","natural","wrong_answer","Expected 6970; received 8856","","","","true","true","true","","","",""
