"task","view","style","lexical_regime","depth","filler","planned","dispatched","terminal","model_evaluable","correct","strict_accuracy","infrastructure_missing","not_dispatched","incomplete","refusal","operational_lower","operational_upper","input_tokens_known","input_usage_known_trials","output_tokens_known","output_usage_known_trials","reasoning_tokens_known","reasoning_usage_known_trials","cached_tokens_known","cached_usage_known_trials","non_reasoning_output_known","non_reasoning_known_trials","unique_total_tokens_known","unique_full_usage_trials","attempt_total_tokens_known","attempt_full_usage_count","http_attempts","generation_attempts","retry_rate","mean_latency_ms","mean_latency_no_retry_ms","mean_latency_retry_ms","tokens_per_correct","attempt_tokens_per_correct","estimated_cost_usd_known","cost_known_trials","invalid_answer_format","wrong_answer","strict_syntax_validity","syntax_evaluable_trials","invalid_generated_syntax","valid_syntax_wrong_ast"
"ALL","ALL","ALL","ALL","ALL","ALL","960","300","300","295","196","0.664","5","660","0","0","0.653","0.653","1773310","295","145483","295","31996","295","0","295","113487","295","1918793","295","1918793","295","602","300","0.000","53676.043","53676.043","NA","NA","NA","NA","0","33","0","0.675","295","63","3"
"ast_to_source","complete","braces","ALL","ALL","ALL","96","35","35","34","21","0.618","1","61","0","0","0.600","0.600","245039","34","12195","34","3571","34","0","34","8624","34","257234","34","257234","34","70","35","0.000","53846.286","53846.286","NA","NA","NA","NA","0","0","0","0.618","34","13","0"
"ast_to_source","complete","generic_end","ALL","ALL","ALL","96","35","35","34","15","0.441","1","61","0","0","0.429","0.429","246489","34","12035","34","3350","34","0","34","8685","34","258524","34","258524","34","70","35","0.000","48099.057","48099.057","NA","NA","NA","NA","0","0","0","0.441","34","19","0"
"ast_to_source","complete","named_end","ALL","ALL","ALL","96","35","35","34","33","0.971","1","61","0","0","0.943","0.943","256295","34","14799","34","3637","34","0","34","11162","34","271094","34","271094","34","71","35","0.000","51853.857","51853.857","NA","NA","NA","NA","0","0","0","1.000","34","0","1"
"ast_to_source","complete","padded_end","ALL","ALL","ALL","96","35","35","34","14","0.412","1","61","0","0","0.400","0.400","252473","34","13735","34","3861","34","0","34","9874","34","266208","34","266208","34","71","35","0.000","58009.771","58009.771","NA","NA","NA","NA","0","0","0","0.412","34","20","0"
"ast_to_source","complete","typed_end","ALL","ALL","ALL","96","35","35","34","21","0.618","1","61","0","0","0.600","0.600","248747","34","12070","34","2740","34","0","34","9330","34","260817","34","260817","34","70","35","0.000","52784.514","52784.514","NA","NA","NA","NA","0","0","0","0.676","34","11","2"
"source_to_ast","complete","braces","ALL","ALL","ALL","96","25","25","25","17","0.680","0","71","0","0","0.680","0.680","100444","25","15329","25","2163","25","0","25","13166","25","115773","25","115773","25","50","25","0.000","52482.440","52482.440","NA","6810.176","6810.176","NA","0","8","0","0.680","25","0","0"
"source_to_ast","complete","generic_end","ALL","ALL","ALL","96","25","25","25","18","0.720","0","71","0","0","0.720","0.720","101856","25","16737","25","3575","25","0","25","13162","25","118593","25","118593","25","50","25","0.000","56241.280","56241.280","NA","6588.500","6588.500","NA","0","7","0","0.720","25","0","0"
"source_to_ast","complete","named_end","ALL","ALL","ALL","96","25","25","25","19","0.760","0","71","0","0","0.760","0.760","110832","25","15559","25","2395","25","0","25","13164","25","126391","25","126391","25","50","25","0.000","57789.920","57789.920","NA","6652.158","6652.158","NA","0","6","0","0.760","25","0","0"
"source_to_ast","complete","padded_end","ALL","ALL","ALL","96","25","25","25","19","0.760","0","71","0","0","0.760","0.760","107272","25","16419","25","3257","25","0","25","13162","25","123691","25","123691","25","50","25","0.000","47939.200","47939.200","NA","6510.053","6510.053","NA","0","6","0","0.760","25","0","0"
"source_to_ast","complete","typed_end","ALL","ALL","ALL","96","25","25","25","19","0.760","0","71","0","0","0.760","0.760","103863","25","16605","25","3447","25","0","25","13158","25","120468","25","120468","25","50","25","0.000","59228.800","59228.800","NA","6340.421","6340.421","NA","0","6","0","0.760","25","0","0"
"ast_to_source","complete","braces","natural","2","0","4","1","1","1","1","1.000","0","3","0","0","1.000","1.000","6519","1","118","1","27","1","0","1","91","1","6637","1","6637","1","2","1","0.000","52279.000","52279.000","NA","6637.000","6637.000","NA","0","0","0","1.000","1","0","0"
"ast_to_source","complete","braces","natural","2","8","4","1","1","1","1","1.000","0","3","0","0","1.000","1.000","6755","1","210","1","65","1","0","1","145","1","6965","1","6965","1","2","1","0.000","62006.000","62006.000","NA","6965.000","6965.000","NA","0","0","0","1.000","1","0","0"
"ast_to_source","complete","braces","natural","2","32","4","2","2","2","2","1.000","0","2","0","0","1.000","1.000","15160","2","743","2","79","2","0","2","664","2","15903","2","15903","2","4","2","0.000","60028.000","60028.000","NA","7951.500","7951.500","NA","0","0","0","1.000","2","0","0"
"ast_to_source","complete","braces","natural","4","0","4","4","4","4","4","1.000","0","0","0","0","1.000","1.000","26491","4","693","4","220","4","0","4","473","4","27184","4","27184","4","8","4","0.000","56163.750","56163.750","NA","6796.000","6796.000","NA","0","0","0","1.000","4","0","0"
"ast_to_source","complete","braces","natural","4","8","4","0","0","0","0","NA","0","4","0","0","NA","NA","0","0","0","0","0","0","0","0","0","0","0","0","0","0","0","0","NA","NA","NA","NA","NA","NA","NA","0","0","0","NA","0","0","0"
"ast_to_source","complete","braces","natural","4","32","4","1","1","1","1","1.000","0","3","0","0","1.000","1.000","7734","1","417","1","50","1","0","1","367","1","8151","1","8151","1","2","1","0.000","59609.000","59609.000","NA","8151.000","8151.000","NA","0","0","0","1.000","1","0","0"
"ast_to_source","complete","braces","natural","8","0","4","1","1","1","1","1.000","0","3","0","0","1.000","1.000","6899","1","264","1","80","1","0","1","184","1","7163","1","7163","1","2","1","0.000","50515.000","50515.000","NA","7163.000","7163.000","NA","0","0","0","1.000","1","0","0"
"ast_to_source","complete","braces","natural","8","8","4","2","2","2","1","0.500","0","2","0","0","0.500","0.500","14346","2","726","2","232","2","0","2","494","2","15072","2","15072","2","4","2","0.000","31502.000","31502.000","NA","15072.000","15072.000","NA","0","0","0","0.500","2","1","0"
"ast_to_source","complete","braces","natural","8","32","4","1","1","1","0","0.000","0","3","0","0","0.000","0.000","7916","1","569","1","137","1","0","1","432","1","8485","1","8485","1","2","1","0.000","59074.000","59074.000","NA","NA","NA","NA","0","0","0","0.000","1","1","0"
"ast_to_source","complete","braces","natural","16","0","4","3","3","3","0","0.000","0","1","0","0","0.000","0.000","22157","3","1328","3","415","3","0","3","913","3","23485","3","23485","3","6","3","0.000","59527.333","59527.333","NA","NA","NA","NA","0","0","0","0.000","3","3","0"
"ast_to_source","complete","braces","natural","16","8","4","1","1","1","0","0.000","0","3","0","0","0.000","0.000","7687","1","706","1","333","1","0","1","373","1","8393","1","8393","1","2","1","0.000","61890.000","61890.000","NA","NA","NA","NA","0","0","0","0.000","1","1","0"
"ast_to_source","complete","braces","natural","16","32","4","1","1","1","0","0.000","0","3","0","0","0.000","0.000","8426","1","820","1","278","1","0","1","542","1","9246","1","9246","1","2","1","0.000","61315.000","61315.000","NA","NA","NA","NA","0","0","0","0.000","1","1","0"
"ast_to_source","complete","braces","nonce","2","0","4","2","2","2","2","1.000","0","2","0","0","1.000","1.000","13175","2","257","2","68","2","0","2","189","2","13432","2","13432","2","4","2","0.000","53547.000","53547.000","NA","6716.000","6716.000","NA","0","0","0","1.000","2","0","0"
"ast_to_source","complete","braces","nonce","2","8","4","0","0","0","0","NA","0","4","0","0","NA","NA","0","0","0","0","0","0","0","0","0","0","0","0","0","0","0","0","NA","NA","NA","NA","NA","NA","NA","0","0","0","NA","0","0","0"
"ast_to_source","complete","braces","nonce","2","32","4","2","2","2","2","1.000","0","2","0","0","1.000","1.000","15339","2","816","2","76","2","0","2","740","2","16155","2","16155","2","4","2","0.000","32836.500","32836.500","NA","8077.500","8077.500","NA","0","0","0","1.000","2","0","0"
"ast_to_source","complete","braces","nonce","4","0","4","3","3","3","3","1.000","0","1","0","0","1.000","1.000","20135","3","494","3","117","3","0","3","377","3","20629","3","20629","3","6","3","0.000","58005.000","58005.000","NA","6876.333","6876.333","NA","0","0","0","1.000","3","0","0"
"ast_to_source","complete","braces","nonce","4","8","4","2","2","2","2","1.000","0","2","0","0","1.000","1.000","13979","2","553","2","158","2","0","2","395","2","14532","2","14532","2","4","2","0.000","59391.500","59391.500","NA","7266.000","7266.000","NA","0","0","0","1.000","2","0","0"
"ast_to_source","complete","braces","nonce","4","32","4","0","0","0","0","NA","0","4","0","0","NA","NA","0","0","0","0","0","0","0","0","0","0","0","0","0","0","0","0","NA","NA","NA","NA","NA","NA","NA","0","0","0","NA","0","0","0"
"ast_to_source","complete","braces","nonce","8","0","4","2","2","2","1","0.500","0","2","0","0","0.500","0.500","13967","2","662","2","274","2","0","2","388","2","14629","2","14629","2","4","2","0.000","60515.000","60515.000","NA","14629.000","14629.000","NA","0","0","0","0.500","2","1","0"
"ast_to_source","complete","braces","nonce","8","8","4","2","2","1","0","0.000","1","2","0","0","0.000","0.000","7240","1","425","1","164","1","0","1","261","1","7665","1","7665","1","4","2","0.000","58302.500","58302.500","NA","NA","NA","NA","0","0","0","0.000","1","1","0"
"ast_to_source","complete","braces","nonce","8","32","4","1","1","1","0","0.000","0","3","0","0","0.000","0.000","8078","1","531","1","69","1","0","1","462","1","8609","1","8609","1","2","1","0.000","59836.000","59836.000","NA","NA","NA","NA","0","0","0","0.000","1","1","0"
"ast_to_source","complete","braces","nonce","16","0","4","1","1","1","0","0.000","0","3","0","0","0.000","0.000","7460","1","535","1","218","1","0","1","317","1","7995","1","7995","1","2","1","0.000","59478.000","59478.000","NA","NA","NA","NA","0","0","0","0.000","1","1","0"
"ast_to_source","complete","braces","nonce","16","8","4","2","2","2","0","0.000","0","2","0","0","0.000","0.000","15576","2","1328","2","511","2","0","2","817","2","16904","2","16904","2","4","2","0.000","34560.500","34560.500","NA","NA","NA","NA","0","0","0","0.000","2","2","0"
"ast_to_source","complete","braces","nonce","16","32","4","0","0","0","0","NA","0","4","0","0","NA","NA","0","0","0","0","0","0","0","0","0","0","0","0","0","0","0","0","NA","NA","NA","NA","NA","NA","NA","0","0","0","NA","0","0","0"
"ast_to_source","complete","generic_end","natural","2","0","4","1","1","1","1","1.000","0","3","0","0","1.000","1.000","6557","1","92","1","0","1","0","1","92","1","6649","1","6649","1","2","1","0.000","59039.000","59039.000","NA","6649.000","6649.000","NA","0","0","0","1.000","1","0","0"
"ast_to_source","complete","generic_end","natural","2","8","4","1","1","1","1","1.000","0","3","0","0","1.000","1.000","6793","1","215","1","67","1","0","1","148","1","7008","1","7008","1","2","1","0.000","59979.000","59979.000","NA","7008.000","7008.000","NA","0","0","0","1.000","1","0","0"
"ast_to_source","complete","generic_end","natural","2","32","4","2","2","2","2","1.000","0","2","0","0","1.000","1.000","15236","2","750","2","80","2","0","2","670","2","15986","2","15986","2","4","2","0.000","31846.000","31846.000","NA","7993.000","7993.000","NA","0","0","0","1.000","2","0","0"
"ast_to_source","complete","generic_end","natural","4","0","4","4","4","4","2","0.500","0","0","0","0","0.500","0.500","26643","4","722","4","233","4","0","4","489","4","27365","4","27365","4","8","4","0.000","30116.250","30116.250","NA","13682.500","13682.500","NA","0","0","0","0.500","4","2","0"
"ast_to_source","complete","generic_end","natural","4","8","4","0","0","0","0","NA","0","4","0","0","NA","NA","0","0","0","0","0","0","0","0","0","0","0","0","0","0","0","0","NA","NA","NA","NA","NA","NA","NA","0","0","0","NA","0","0","0"
"ast_to_source","complete","generic_end","natural","4","32","4","1","1","1","1","1.000","0","3","0","0","1.000","1.000","7772","1","395","1","23","1","0","1","372","1","8167","1","8167","1","2","1","0.000","49608.000","49608.000","NA","8167.000","8167.000","NA","0","0","0","1.000","1","0","0"
"ast_to_source","complete","generic_end","natural","8","0","4","1","1","1","0","0.000","0","3","0","0","0.000","0.000","6937","1","319","1","128","1","0","1","191","1","7256","1","7256","1","2","1","0.000","60520.000","60520.000","NA","NA","NA","NA","0","0","0","0.000","1","1","0"
"ast_to_source","complete","generic_end","natural","8","8","4","2","2","2","0","0.000","0","2","0","0","0.000","0.000","14422","2","848","2","339","2","0","2","509","2","15270","2","15270","2","4","2","0.000","60828.000","60828.000","NA","NA","NA","NA","0","0","0","0.000","2","2","0"
"ast_to_source","complete","generic_end","natural","8","32","4","1","1","1","0","0.000","0","3","0","0","0.000","0.000","7954","1","549","1","112","1","0","1","437","1","8503","1","8503","1","2","1","0.000","59482.000","59482.000","NA","NA","NA","NA","0","0","0","0.000","1","1","0"
"ast_to_source","complete","generic_end","natural","16","0","4","3","3","3","0","0.000","0","1","0","0","0.000","0.000","22271","3","1441","3","503","3","0","3","938","3","23712","3","23712","3","6","3","0.000","55813.000","55813.000","NA","NA","NA","NA","0","0","0","0.000","3","3","0"
"ast_to_source","complete","generic_end","natural","16","8","4","1","1","1","0","0.000","0","3","0","0","0.000","0.000","7725","1","671","1","286","1","0","1","385","1","8396","1","8396","1","2","1","0.000","61579.000","61579.000","NA","NA","NA","NA","0","0","0","0.000","1","1","0"
"ast_to_source","complete","generic_end","natural","16","32","4","1","1","1","0","0.000","0","3","0","0","0.000","0.000","8464","1","745","1","193","1","0","1","552","1","9209","1","9209","1","2","1","0.000","58728.000","58728.000","NA","NA","NA","NA","0","0","0","0.000","1","1","0"
"ast_to_source","complete","generic_end","nonce","2","0","4","2","2","2","2","1.000","0","2","0","0","1.000","1.000","13291","2","243","2","46","2","0","2","197","2","13534","2","13534","2","4","2","0.000","60184.000","60184.000","NA","6767.000","6767.000","NA","0","0","0","1.000","2","0","0"
"ast_to_source","complete","generic_end","nonce","2","8","4","0","0","0","0","NA","0","4","0","0","NA","NA","0","0","0","0","0","0","0","0","0","0","0","0","0","0","0","0","NA","NA","NA","NA","NA","NA","NA","0","0","0","NA","0","0","0"
"ast_to_source","complete","generic_end","nonce","2","32","4","2","2","2","2","1.000","0","2","0","0","1.000","1.000","15455","2","853","2","103","2","0","2","750","2","16308","2","16308","2","4","2","0.000","60559.000","60559.000","NA","8154.000","8154.000","NA","0","0","0","1.000","2","0","0"
"ast_to_source","complete","generic_end","nonce","4","0","4","3","3","3","2","0.667","0","1","0","0","0.667","0.667","20288","3","612","3","215","3","0","3","397","3","20900","3","20900","3","6","3","0.000","42164.333","42164.333","NA","10450.000","10450.000","NA","0","0","0","0.667","3","1","0"
"ast_to_source","complete","generic_end","nonce","4","8","4","2","2","2","2","1.000","0","2","0","0","1.000","1.000","14055","2","481","2","76","2","0","2","405","2","14536","2","14536","2","4","2","0.000","33905.500","33905.500","NA","7268.000","7268.000","NA","0","0","0","1.000","2","0","0"
"ast_to_source","complete","generic_end","nonce","4","32","4","0","0","0","0","NA","0","4","0","0","NA","NA","0","0","0","0","0","0","0","0","0","0","0","0","0","0","0","0","NA","NA","NA","NA","NA","NA","NA","0","0","0","NA","0","0","0"
"ast_to_source","complete","generic_end","nonce","8","0","4","2","2","2","0","0.000","0","2","0","0","0.000","0.000","14082","2","570","2","163","2","0","2","407","2","14652","2","14652","2","4","2","0.000","59721.500","59721.500","NA","NA","NA","NA","0","0","0","0.000","2","2","0"
"ast_to_source","complete","generic_end","nonce","8","8","4","2","2","1","0","0.000","1","2","0","0","0.000","0.000","7278","1","379","1","112","1","0","1","267","1","7657","1","7657","1","4","2","0.000","7690.000","7690.000","NA","NA","NA","NA","0","0","0","0.000","1","1","0"
"ast_to_source","complete","generic_end","nonce","8","32","4","1","1","1","0","0.000","0","3","0","0","0.000","0.000","8116","1","397","1","80","1","0","1","317","1","8513","1","8513","1","2","1","0.000","51363.000","51363.000","NA","NA","NA","NA","0","0","0","0.000","1","1","0"
"ast_to_source","complete","generic_end","nonce","16","0","4","1","1","1","0","0.000","0","3","0","0","0.000","0.000","7498","1","615","1","291","1","0","1","324","1","8113","1","8113","1","2","1","0.000","61122.000","61122.000","NA","NA","NA","NA","0","0","0","0.000","1","1","0"
"ast_to_source","complete","generic_end","nonce","16","8","4","2","2","2","0","0.000","0","2","0","0","0.000","0.000","15652","2","1138","2","300","2","0","2","838","2","16790","2","16790","2","4","2","0.000","59091.000","59091.000","NA","NA","NA","NA","0","0","0","0.000","2","2","0"
"ast_to_source","complete","generic_end","nonce","16","32","4","0","0","0","0","NA","0","4","0","0","NA","NA","0","0","0","0","0","0","0","0","0","0","0","0","0","0","0","0","NA","NA","NA","NA","NA","NA","NA","0","0","0","NA","0","0","0"
"ast_to_source","complete","named_end","natural","2","0","4","1","1","1","1","1.000","0","3","0","0","1.000","1.000","6828","1","151","1","31","1","0","1","120","1","6979","1","6979","1","2","1","0.000","58904.000","58904.000","NA","6979.000","6979.000","NA","0","0","0","1.000","1","0","0"
"ast_to_source","complete","named_end","natural","2","8","4","1","1","1","1","1.000","0","3","0","0","1.000","1.000","7064","1","248","1","73","1","0","1","175","1","7312","1","7312","1","2","1","0.000","60113.000","60113.000","NA","7312.000","7312.000","NA","0","0","0","1.000","1","0","0"
"ast_to_source","complete","named_end","natural","2","32","4","2","2","2","2","1.000","0","2","0","0","1.000","1.000","15778","2","1040","2","319","2","0","2","721","2","16818","2","16818","2","4","2","0.000","34757.500","34757.500","NA","8409.000","8409.000","NA","0","0","0","1.000","2","0","0"
"ast_to_source","complete","named_end","natural","4","0","4","4","4","4","4","1.000","0","0","0","0","1.000","1.000","27727","4","914","4","266","4","0","4","648","4","28641","4","28641","4","8","4","0.000","59114.750","59114.750","NA","7160.250","7160.250","NA","0","0","0","1.000","4","0","0"
"ast_to_source","complete","named_end","natural","4","8","4","0","0","0","0","NA","0","4","0","0","NA","NA","0","0","0","0","0","0","0","0","0","0","0","0","0","0","0","0","NA","NA","NA","NA","NA","NA","NA","0","0","0","NA","0","0","0"
"ast_to_source","complete","named_end","natural","4","32","4","1","1","1","1","1.000","0","3","0","0","1.000","1.000","8043","1","484","1","73","1","0","1","411","1","8527","1","8527","1","2","1","0.000","61329.000","61329.000","NA","8527.000","8527.000","NA","0","0","0","1.000","1","0","0"
"ast_to_source","complete","named_end","natural","8","0","4","1","1","1","1","1.000","0","3","0","0","1.000","1.000","7208","1","301","1","42","1","0","1","259","1","7509","1","7509","1","2","1","0.000","59883.000","59883.000","NA","7509.000","7509.000","NA","0","0","0","1.000","1","0","0"
"ast_to_source","complete","named_end","natural","8","8","4","2","2","2","2","1.000","0","2","0","0","1.000","1.000","14964","2","857","2","210","2","0","2","647","2","15821","2","15821","2","5","2","0.000","60501.000","60501.000","NA","7910.500","7910.500","NA","0","0","0","1.000","2","0","0"
"ast_to_source","complete","named_end","natural","8","32","4","1","1","1","1","1.000","0","3","0","0","1.000","1.000","8225","1","736","1","237","1","0","1","499","1","8961","1","8961","1","2","1","0.000","60559.000","60559.000","NA","8961.000","8961.000","NA","0","0","0","1.000","1","0","0"
"ast_to_source","complete","named_end","natural","16","0","4","3","3","3","3","1.000","0","1","0","0","1.000","1.000","23084","3","1781","3","457","3","0","3","1324","3","24865","3","24865","3","6","3","0.000","57706.000","57706.000","NA","8288.333","8288.333","NA","0","0","0","1.000","3","0","0"
"ast_to_source","complete","named_end","natural","16","8","4","1","1","1","1","1.000","0","3","0","0","1.000","1.000","7996","1","817","1","300","1","0","1","517","1","8813","1","8813","1","2","1","0.000","8548.000","8548.000","NA","8813.000","8813.000","NA","0","0","0","1.000","1","0","0"
"ast_to_source","complete","named_end","natural","16","32","4","1","1","1","0","0.000","0","3","0","0","0.000","0.000","8735","1","852","1","175","1","0","1","677","1","9587","1","9587","1","2","1","0.000","59489.000","59489.000","NA","NA","NA","NA","0","0","0","1.000","1","0","1"
"ast_to_source","complete","named_end","nonce","2","0","4","2","2","2","2","1.000","0","2","0","0","1.000","1.000","13911","2","317","2","55","2","0","2","262","2","14228","2","14228","2","4","2","0.000","31962.000","31962.000","NA","7114.000","7114.000","NA","0","0","0","1.000","2","0","0"
"ast_to_source","complete","named_end","nonce","2","8","4","0","0","0","0","NA","0","4","0","0","NA","NA","0","0","0","0","0","0","0","0","0","0","0","0","0","0","0","0","NA","NA","NA","NA","NA","NA","NA","0","0","0","NA","0","0","0"
"ast_to_source","complete","named_end","nonce","2","32","4","2","2","2","2","1.000","0","2","0","0","1.000","1.000","16075","2","892","2","83","2","0","2","809","2","16967","2","16967","2","4","2","0.000","59161.500","59161.500","NA","8483.500","8483.500","NA","0","0","0","1.000","2","0","0"
"ast_to_source","complete","named_end","nonce","4","0","4","3","3","3","3","1.000","0","1","0","0","1.000","1.000","21210","3","705","3","176","3","0","3","529","3","21915","3","21915","3","6","3","0.000","56624.000","56624.000","NA","7305.000","7305.000","NA","0","0","0","1.000","3","0","0"
"ast_to_source","complete","named_end","nonce","4","8","4","2","2","2","2","1.000","0","2","0","0","1.000","1.000","14675","2","638","2","138","2","0","2","500","2","15313","2","15313","2","4","2","0.000","60529.000","60529.000","NA","7656.500","7656.500","NA","0","0","0","1.000","2","0","0"
"ast_to_source","complete","named_end","nonce","4","32","4","0","0","0","0","NA","0","4","0","0","NA","NA","0","0","0","0","0","0","0","0","0","0","0","0","0","0","0","0","NA","NA","NA","NA","NA","NA","NA","0","0","0","NA","0","0","0"
"ast_to_source","complete","named_end","nonce","8","0","4","2","2","2","2","1.000","0","2","0","0","1.000","1.000","14686","2","890","2","326","2","0","2","564","2","15576","2","15576","2","4","2","0.000","56696.500","56696.500","NA","7788.000","7788.000","NA","0","0","0","1.000","2","0","0"
"ast_to_source","complete","named_end","nonce","8","8","4","2","2","1","1","1.000","1","2","0","0","0.500","0.500","7588","1","452","1","102","1","0","1","350","1","8040","1","8040","1","4","2","0.000","33159.000","33159.000","NA","NA","NA","NA","0","0","0","1.000","1","0","0"
"ast_to_source","complete","named_end","nonce","8","32","4","1","1","1","1","1.000","0","3","0","0","1.000","1.000","8426","1","715","1","161","1","0","1","554","1","9141","1","9141","1","2","1","0.000","60000.000","60000.000","NA","9141.000","9141.000","NA","0","0","0","1.000","1","0","0"
"ast_to_source","complete","named_end","nonce","16","0","4","1","1","1","1","1.000","0","3","0","0","1.000","1.000","7808","1","493","1","22","1","0","1","471","1","8301","1","8301","1","2","1","0.000","6409.000","6409.000","NA","8301.000","8301.000","NA","0","0","0","1.000","1","0","0"
"ast_to_source","complete","named_end","nonce","16","8","4","2","2","2","2","1.000","0","2","0","0","1.000","1.000","16264","2","1516","2","391","2","0","2","1125","2","17780","2","17780","2","4","2","0.000","63334.500","63334.500","NA","8890.000","8890.000","NA","0","0","0","1.000","2","0","0"
"ast_to_source","complete","named_end","nonce","16","32","4","0","0","0","0","NA","0","4","0","0","NA","NA","0","0","0","0","0","0","0","0","0","0","0","0","0","0","0","0","NA","NA","NA","NA","NA","NA","NA","0","0","0","NA","0","0","0"
"ast_to_source","complete","padded_end","natural","2","0","4","1","1","1","1","1.000","0","3","0","0","1.000","1.000","6733","1","137","1","27","1","0","1","110","1","6870","1","6870","1","2","1","0.000","60393.000","60393.000","NA","6870.000","6870.000","NA","0","0","0","1.000","1","0","0"
"ast_to_source","complete","padded_end","natural","2","8","4","1","1","1","1","1.000","0","3","0","0","1.000","1.000","6969","1","247","1","83","1","0","1","164","1","7216","1","7216","1","2","1","0.000","48682.000","48682.000","NA","7216.000","7216.000","NA","0","0","0","1.000","1","0","0"
"ast_to_source","complete","padded_end","natural","2","32","4","2","2","2","2","1.000","0","2","0","0","1.000","1.000","15588","2","791","2","89","2","0","2","702","2","16379","2","16379","2","4","2","0.000","60557.500","60557.500","NA","8189.500","8189.500","NA","0","0","0","1.000","2","0","0"
"ast_to_source","complete","padded_end","natural","4","0","4","4","4","4","2","0.500","0","0","0","0","0.500","0.500","27347","4","837","4","260","4","0","4","577","4","28184","4","28184","4","8","4","0.000","59987.750","59987.750","NA","14092.000","14092.000","NA","0","0","0","0.500","4","2","0"
"ast_to_source","complete","padded_end","natural","4","8","4","0","0","0","0","NA","0","4","0","0","NA","NA","0","0","0","0","0","0","0","0","0","0","0","0","0","0","0","0","NA","NA","NA","NA","NA","NA","NA","0","0","0","NA","0","0","0"
"ast_to_source","complete","padded_end","natural","4","32","4","1","1","1","1","1.000","0","3","0","0","1.000","1.000","7948","1","424","1","28","1","0","1","396","1","8372","1","8372","1","2","1","0.000","60397.000","60397.000","NA","8372.000","8372.000","NA","0","0","0","1.000","1","0","0"
"ast_to_source","complete","padded_end","natural","8","0","4","1","1","1","0","0.000","0","3","0","0","0.000","0.000","7113","1","365","1","144","1","0","1","221","1","7478","1","7478","1","2","1","0.000","61418.000","61418.000","NA","NA","NA","NA","0","0","0","0.000","1","1","0"
"ast_to_source","complete","padded_end","natural","8","8","4","2","2","2","0","0.000","0","2","0","0","0.000","0.000","14774","2","826","2","257","2","0","2","569","2","15600","2","15600","2","5","2","0.000","59996.000","59996.000","NA","NA","NA","NA","0","0","0","0.000","2","2","0"
"ast_to_source","complete","padded_end","natural","8","32","4","1","1","1","0","0.000","0","3","0","0","0.000","0.000","8130","1","713","1","259","1","0","1","454","1","8843","1","8843","1","2","1","0.000","7209.000","7209.000","NA","NA","NA","NA","0","0","0","0.000","1","1","0"
"ast_to_source","complete","padded_end","natural","16","0","4","3","3","3","0","0.000","0","1","0","0","0.000","0.000","22799","3","1758","3","638","3","0","3","1120","3","24557","3","24557","3","6","3","0.000","60166.333","60166.333","NA","NA","NA","NA","0","0","0","0.000","3","3","0"
"ast_to_source","complete","padded_end","natural","16","8","4","1","1","1","0","0.000","0","3","0","0","0.000","0.000","7901","1","653","1","218","1","0","1","435","1","8554","1","8554","1","2","1","0.000","59659.000","59659.000","NA","NA","NA","NA","0","0","0","0.000","1","1","0"
"ast_to_source","complete","padded_end","natural","16","32","4","1","1","1","0","0.000","0","3","0","0","0.000","0.000","8640","1","818","1","216","1","0","1","602","1","9458","1","9458","1","2","1","0.000","61900.000","61900.000","NA","NA","NA","NA","0","0","0","0.000","1","1","0"
"ast_to_source","complete","padded_end","nonce","2","0","4","2","2","2","2","1.000","0","2","0","0","1.000","1.000","13643","2","306","2","75","2","0","2","231","2","13949","2","13949","2","4","2","0.000","58295.500","58295.500","NA","6974.500","6974.500","NA","0","0","0","1.000","2","0","0"
"ast_to_source","complete","padded_end","nonce","2","8","4","0","0","0","0","NA","0","4","0","0","NA","NA","0","0","0","0","0","0","0","0","0","0","0","0","0","0","0","0","NA","NA","NA","NA","NA","NA","NA","0","0","0","NA","0","0","0"
"ast_to_source","complete","padded_end","nonce","2","32","4","2","2","2","2","1.000","0","2","0","0","1.000","1.000","15807","2","874","2","92","2","0","2","782","2","16681","2","16681","2","4","2","0.000","59149.000","59149.000","NA","8340.500","8340.500","NA","0","0","0","1.000","2","0","0"
"ast_to_source","complete","padded_end","nonce","4","0","4","3","3","3","1","0.333","0","1","0","0","0.333","0.333","20816","3","611","3","154","3","0","3","457","3","21427","3","21427","3","6","3","0.000","59356.000","59356.000","NA","21427.000","21427.000","NA","0","0","0","0.333","3","2","0"
"ast_to_source","complete","padded_end","nonce","4","8","4","2","2","2","2","1.000","0","2","0","0","1.000","1.000","14407","2","524","2","71","2","0","2","453","2","14931","2","14931","2","4","2","0.000","59396.000","59396.000","NA","7465.500","7465.500","NA","0","0","0","1.000","2","0","0"
"ast_to_source","complete","padded_end","nonce","4","32","4","0","0","0","0","NA","0","4","0","0","NA","NA","0","0","0","0","0","0","0","0","0","0","0","0","0","0","0","0","NA","NA","NA","NA","NA","NA","NA","0","0","0","NA","0","0","0"
"ast_to_source","complete","padded_end","nonce","8","0","4","2","2","2","0","0.000","0","2","0","0","0.000","0.000","14434","2","767","2","290","2","0","2","477","2","15201","2","15201","2","4","2","0.000","58917.000","58917.000","NA","NA","NA","NA","0","0","0","0.000","2","2","0"
"ast_to_source","complete","padded_end","nonce","8","8","4","2","2","1","0","0.000","1","2","0","0","0.000","0.000","7454","1","503","1","204","1","0","1","299","1","7957","1","7957","1","4","2","0.000","85570.500","85570.500","NA","NA","NA","NA","0","0","0","0.000","1","1","0"
"ast_to_source","complete","padded_end","nonce","8","32","4","1","1","1","0","0.000","0","3","0","0","0.000","0.000","8292","1","579","1","72","1","0","1","507","1","8871","1","8871","1","2","1","0.000","61920.000","61920.000","NA","NA","NA","NA","0","0","0","0.000","1","1","0"
"ast_to_source","complete","padded_end","nonce","16","0","4","1","1","1","0","0.000","0","3","0","0","0.000","0.000","7674","1","634","1","256","1","0","1","378","1","8308","1","8308","1","2","1","0.000","6495.000","6495.000","NA","NA","NA","NA","0","0","0","0.000","1","1","0"
"ast_to_source","complete","padded_end","nonce","16","8","4","2","2","2","0","0.000","0","2","0","0","0.000","0.000","16004","2","1368","2","428","2","0","2","940","2","17372","2","17372","2","4","2","0.000","59994.000","59994.000","NA","NA","NA","NA","0","0","0","0.000","2","2","0"
"ast_to_source","complete","padded_end","nonce","16","32","4","0","0","0","0","NA","0","4","0","0","NA","NA","0","0","0","0","0","0","0","0","0","0","0","0","0","0","0","0","NA","NA","NA","NA","NA","NA","NA","0","0","0","NA","0","0","0"
"ast_to_source","complete","typed_end","natural","2","0","4","1","1","1","1","1.000","0","3","0","0","1.000","1.000","6606","1","96","1","0","1","0","1","96","1","6702","1","6702","1","2","1","0.000","59302.000","59302.000","NA","6702.000","6702.000","NA","0","0","0","1.000","1","0","0"
"ast_to_source","complete","typed_end","natural","2","8","4","1","1","1","1","1.000","0","3","0","0","1.000","1.000","6842","1","198","1","46","1","0","1","152","1","7040","1","7040","1","2","1","0.000","55227.000","55227.000","NA","7040.000","7040.000","NA","0","0","0","1.000","1","0","0"
"ast_to_source","complete","typed_end","natural","2","32","4","2","2","2","2","1.000","0","2","0","0","1.000","1.000","15334","2","764","2","86","2","0","2","678","2","16098","2","16098","2","4","2","0.000","57135.500","57135.500","NA","8049.000","8049.000","NA","0","0","0","1.000","2","0","0"
"ast_to_source","complete","typed_end","natural","4","0","4","4","4","4","4","1.000","0","0","0","0","1.000","1.000","26839","4","815","4","298","4","0","4","517","4","27654","4","27654","4","8","4","0.000","60140.250","60140.250","NA","6913.500","6913.500","NA","0","0","0","1.000","4","0","0"
"ast_to_source","complete","typed_end","natural","4","8","4","0","0","0","0","NA","0","4","0","0","NA","NA","0","0","0","0","0","0","0","0","0","0","0","0","0","0","0","0","NA","NA","NA","NA","NA","NA","NA","0","0","0","NA","0","0","0"
"ast_to_source","complete","typed_end","natural","4","32","4","1","1","1","0","0.000","0","3","0","0","0.000","0.000","7821","1","415","1","29","1","0","1","386","1","8236","1","8236","1","2","1","0.000","58808.000","58808.000","NA","NA","NA","NA","0","0","0","1.000","1","0","1"
"ast_to_source","complete","typed_end","natural","8","0","4","1","1","1","1","1.000","0","3","0","0","1.000","1.000","6986","1","339","1","136","1","0","1","203","1","7325","1","7325","1","2","1","0.000","59921.000","59921.000","NA","7325.000","7325.000","NA","0","0","0","1.000","1","0","0"
"ast_to_source","complete","typed_end","natural","8","8","4","2","2","2","2","1.000","0","2","0","0","1.000","1.000","14520","2","810","2","277","2","0","2","533","2","15330","2","15330","2","4","2","0.000","60205.500","60205.500","NA","7665.000","7665.000","NA","0","0","0","1.000","2","0","0"
"ast_to_source","complete","typed_end","natural","8","32","4","1","1","1","0","0.000","0","3","0","0","0.000","0.000","8003","1","468","1","29","1","0","1","439","1","8471","1","8471","1","2","1","0.000","57881.000","57881.000","NA","NA","NA","NA","0","0","0","0.000","1","1","0"
"ast_to_source","complete","typed_end","natural","16","0","4","3","3","3","0","0.000","0","1","0","0","0.000","0.000","22418","3","1249","3","234","3","0","3","1015","3","23667","3","23667","3","6","3","0.000","41876.000","41876.000","NA","NA","NA","NA","0","0","0","0.000","3","3","0"
"ast_to_source","complete","typed_end","natural","16","8","4","1","1","1","0","0.000","0","3","0","0","0.000","0.000","7774","1","537","1","138","1","0","1","399","1","8311","1","8311","1","2","1","0.000","59104.000","59104.000","NA","NA","NA","NA","0","0","0","0.000","1","1","0"
"ast_to_source","complete","typed_end","natural","16","32","4","1","1","1","0","0.000","0","3","0","0","0.000","0.000","8513","1","734","1","159","1","0","1","575","1","9247","1","9247","1","2","1","0.000","6248.000","6248.000","NA","NA","NA","NA","0","0","0","0.000","1","1","0"
"ast_to_source","complete","typed_end","nonce","2","0","4","2","2","2","2","1.000","0","2","0","0","1.000","1.000","13467","2","286","2","71","2","0","2","215","2","13753","2","13753","2","4","2","0.000","59965.500","59965.500","NA","6876.500","6876.500","NA","0","0","0","1.000","2","0","0"
"ast_to_source","complete","typed_end","nonce","2","8","4","0","0","0","0","NA","0","4","0","0","NA","NA","0","0","0","0","0","0","0","0","0","0","0","0","0","0","0","0","NA","NA","NA","NA","NA","NA","NA","0","0","0","NA","0","0","0"
"ast_to_source","complete","typed_end","nonce","2","32","4","2","2","2","2","1.000","0","2","0","0","1.000","1.000","15631","2","859","2","93","2","0","2","766","2","16490","2","16490","2","4","2","0.000","55441.000","55441.000","NA","8245.000","8245.000","NA","0","0","0","1.000","2","0","0"
"ast_to_source","complete","typed_end","nonce","4","0","4","3","3","3","3","1.000","0","1","0","0","1.000","1.000","20544","3","642","3","210","3","0","3","432","3","21186","3","21186","3","6","3","0.000","41332.333","41332.333","NA","7062.000","7062.000","NA","0","0","0","1.000","3","0","0"
"ast_to_source","complete","typed_end","nonce","4","8","4","2","2","2","2","1.000","0","2","0","0","1.000","1.000","14231","2","568","2","139","2","0","2","429","2","14799","2","14799","2","4","2","0.000","33150.500","33150.500","NA","7399.500","7399.500","NA","0","0","0","1.000","2","0","0"
"ast_to_source","complete","typed_end","nonce","4","32","4","0","0","0","0","NA","0","4","0","0","NA","NA","0","0","0","0","0","0","0","0","0","0","0","0","0","0","0","0","NA","NA","NA","NA","NA","NA","NA","0","0","0","NA","0","0","0"
"ast_to_source","complete","typed_end","nonce","8","0","4","2","2","2","1","0.500","0","2","0","0","0.500","0.500","14242","2","714","2","264","2","0","2","450","2","14956","2","14956","2","4","2","0.000","56269.500","56269.500","NA","14956.000","14956.000","NA","0","0","0","0.500","2","1","0"
"ast_to_source","complete","typed_end","nonce","8","8","4","2","2","1","0","0.000","1","2","0","0","0.000","0.000","7366","1","419","1","132","1","0","1","287","1","7785","1","7785","1","4","2","0.000","59068.500","59068.500","NA","NA","NA","NA","0","0","0","0.000","1","1","0"
"ast_to_source","complete","typed_end","nonce","8","32","4","1","1","1","0","0.000","0","3","0","0","0.000","0.000","8204","1","632","1","142","1","0","1","490","1","8836","1","8836","1","2","1","0.000","61526.000","61526.000","NA","NA","NA","NA","0","0","0","1.000","1","0","1"
"ast_to_source","complete","typed_end","nonce","16","0","4","1","1","1","0","0.000","0","3","0","0","0.000","0.000","7586","1","566","1","198","1","0","1","368","1","8152","1","8152","1","2","1","0.000","59619.000","59619.000","NA","NA","NA","NA","0","0","0","0.000","1","1","0"
"ast_to_source","complete","typed_end","nonce","16","8","4","2","2","2","0","0.000","0","2","0","0","0.000","0.000","15820","2","959","2","59","2","0","2","900","2","16779","2","16779","2","4","2","0.000","58582.000","58582.000","NA","NA","NA","NA","0","0","0","0.000","2","2","0"
"ast_to_source","complete","typed_end","nonce","16","32","4","0","0","0","0","NA","0","4","0","0","NA","NA","0","0","0","0","0","0","0","0","0","0","0","0","0","0","0","0","NA","NA","NA","NA","NA","NA","NA","0","0","0","NA","0","0","0"
"source_to_ast","complete","braces","natural","2","0","4","1","1","1","1","1.000","0","3","0","0","1.000","1.000","3783","1","195","1","17","1","0","1","178","1","3978","1","3978","1","2","1","0.000","52680.000","52680.000","NA","3978.000","3978.000","NA","0","0","0","1.000","1","0","0"
"source_to_ast","complete","braces","natural","2","8","4","2","2","2","2","1.000","0","2","0","0","1.000","1.000","7687","2","597","2","40","2","0","2","557","2","8284","2","8284","2","4","2","0.000","59801.500","59801.500","NA","4142.000","4142.000","NA","0","0","0","1.000","2","0","0"
"source_to_ast","complete","braces","natural","2","32","4","0","0","0","0","NA","0","4","0","0","NA","NA","0","0","0","0","0","0","0","0","0","0","0","0","0","0","0","0","NA","NA","NA","NA","NA","NA","NA","0","0","0","NA","0","0","0"
"source_to_ast","complete","braces","natural","4","0","4","2","2","2","2","1.000","0","2","0","0","1.000","1.000","7630","2","544","2","41","2","0","2","503","2","8174","2","8174","2","4","2","0.000","33618.000","33618.000","NA","4087.000","4087.000","NA","0","0","0","1.000","2","0","0"
"source_to_ast","complete","braces","natural","4","8","4","2","2","2","2","1.000","0","2","0","0","1.000","1.000","7751","2","865","2","168","2","0","2","697","2","8616","2","8616","2","4","2","0.000","52318.000","52318.000","NA","4308.000","4308.000","NA","0","0","0","1.000","2","0","0"
"source_to_ast","complete","braces","natural","4","32","4","1","1","1","1","1.000","0","3","0","0","1.000","1.000","4059","1","675","1","23","1","0","1","652","1","4734","1","4734","1","2","1","0.000","59370.000","59370.000","NA","4734.000","4734.000","NA","0","0","0","1.000","1","0","0"
"source_to_ast","complete","braces","natural","8","0","4","0","0","0","0","NA","0","4","0","0","NA","NA","0","0","0","0","0","0","0","0","0","0","0","0","0","0","0","0","NA","NA","NA","NA","NA","NA","NA","0","0","0","NA","0","0","0"
"source_to_ast","complete","braces","natural","8","8","4","0","0","0","0","NA","0","4","0","0","NA","NA","0","0","0","0","0","0","0","0","0","0","0","0","0","0","0","0","NA","NA","NA","NA","NA","NA","NA","0","0","0","NA","0","0","0"
"source_to_ast","complete","braces","natural","8","32","4","1","1","1","1","1.000","0","3","0","0","1.000","1.000","4124","1","888","1","88","1","0","1","800","1","5012","1","5012","1","2","1","0.000","9754.000","9754.000","NA","5012.000","5012.000","NA","0","0","0","1.000","1","0","0"
"source_to_ast","complete","braces","natural","16","0","4","2","2","2","1","0.500","0","2","0","0","0.500","0.500","8006","2","1592","2","258","2","0","2","1334","2","9598","2","9598","2","4","2","0.000","59305.500","59305.500","NA","9598.000","9598.000","NA","0","1","0","0.500","2","0","0"
"source_to_ast","complete","braces","natural","16","8","4","1","1","1","0","0.000","0","3","0","0","0.000","0.000","4074","1","862","1","78","1","0","1","784","1","4936","1","4936","1","2","1","0.000","58967.000","58967.000","NA","NA","NA","NA","0","1","0","0.000","1","0","0"
"source_to_ast","complete","braces","natural","16","32","4","1","1","1","0","0.000","0","3","0","0","0.000","0.000","4241","1","1171","1","108","1","0","1","1063","1","5412","1","5412","1","2","1","0.000","58936.000","58936.000","NA","NA","NA","NA","0","1","0","0.000","1","0","0"
"source_to_ast","complete","braces","nonce","2","0","4","1","1","1","1","1.000","0","3","0","0","1.000","1.000","3884","1","217","1","26","1","0","1","191","1","4101","1","4101","1","2","1","0.000","60112.000","60112.000","NA","4101.000","4101.000","NA","0","0","0","1.000","1","0","0"
"source_to_ast","complete","braces","nonce","2","8","4","0","0","0","0","NA","0","4","0","0","NA","NA","0","0","0","0","0","0","0","0","0","0","0","0","0","0","0","0","NA","NA","NA","NA","NA","NA","NA","0","0","0","NA","0","0","0"
"source_to_ast","complete","braces","nonce","2","32","4","0","0","0","0","NA","0","4","0","0","NA","NA","0","0","0","0","0","0","0","0","0","0","0","0","0","0","0","0","NA","NA","NA","NA","NA","NA","NA","0","0","0","NA","0","0","0"
"source_to_ast","complete","braces","nonce","4","0","4","1","1","1","1","1.000","0","3","0","0","1.000","1.000","3971","1","286","1","30","1","0","1","256","1","4257","1","4257","1","2","1","0.000","59196.000","59196.000","NA","4257.000","4257.000","NA","0","0","0","1.000","1","0","0"
"source_to_ast","complete","braces","nonce","4","8","4","1","1","1","1","1.000","0","3","0","0","1.000","1.000","3980","1","386","1","38","1","0","1","348","1","4366","1","4366","1","2","1","0.000","58358.000","58358.000","NA","4366.000","4366.000","NA","0","0","0","1.000","1","0","0"
"source_to_ast","complete","braces","nonce","4","32","4","2","2","2","2","1.000","0","2","0","0","1.000","1.000","8443","2","1446","2","126","2","0","2","1320","2","9889","2","9889","2","4","2","0.000","57897.000","57897.000","NA","4944.500","4944.500","NA","0","0","0","1.000","2","0","0"
"source_to_ast","complete","braces","nonce","8","0","4","2","2","2","2","1.000","0","2","0","0","1.000","1.000","8012","2","928","2","152","2","0","2","776","2","8940","2","8940","2","4","2","0.000","58545.500","58545.500","NA","4470.000","4470.000","NA","0","0","0","1.000","2","0","0"
"source_to_ast","complete","braces","nonce","8","8","4","1","1","1","0","0.000","0","3","0","0","0.000","0.000","4058","1","625","1","120","1","0","1","505","1","4683","1","4683","1","2","1","0.000","60481.000","60481.000","NA","NA","NA","NA","0","1","0","0.000","1","0","0"
"source_to_ast","complete","braces","nonce","8","32","4","0","0","0","0","NA","0","4","0","0","NA","NA","0","0","0","0","0","0","0","0","0","0","0","0","0","0","0","0","NA","NA","NA","NA","NA","NA","NA","0","0","0","NA","0","0","0"
"source_to_ast","complete","braces","nonce","16","0","4","2","2","2","0","0.000","0","2","0","0","0.000","0.000","8225","2","1668","2","331","2","0","2","1337","2","9893","2","9893","2","4","2","0.000","34644.000","34644.000","NA","NA","NA","NA","0","2","0","0.000","2","0","0"
"source_to_ast","complete","braces","nonce","16","8","4","1","1","1","0","0.000","0","3","0","0","0.000","0.000","4186","1","929","1","151","1","0","1","778","1","5115","1","5115","1","2","1","0.000","60068.000","60068.000","NA","NA","NA","NA","0","1","0","0.000","1","0","0"
"source_to_ast","complete","braces","nonce","16","32","4","1","1","1","0","0.000","0","3","0","0","0.000","0.000","4330","1","1455","1","368","1","0","1","1087","1","5785","1","5785","1","2","1","0.000","61880.000","61880.000","NA","NA","NA","NA","0","1","0","0.000","1","0","0"
"source_to_ast","complete","generic_end","natural","2","0","4","1","1","1","1","1.000","0","3","0","0","1.000","1.000","3825","1","195","1","17","1","0","1","178","1","4020","1","4020","1","2","1","0.000","59563.000","59563.000","NA","4020.000","4020.000","NA","0","0","0","1.000","1","0","0"
"source_to_ast","complete","generic_end","natural","2","8","4","2","2","2","2","1.000","0","2","0","0","1.000","1.000","7771","2","599","2","42","2","0","2","557","2","8370","2","8370","2","4","2","0.000","33063.000","33063.000","NA","4185.000","4185.000","NA","0","0","0","1.000","2","0","0"
"source_to_ast","complete","generic_end","natural","2","32","4","0","0","0","0","NA","0","4","0","0","NA","NA","0","0","0","0","0","0","0","0","0","0","0","0","0","0","0","0","NA","NA","NA","NA","NA","NA","NA","0","0","0","NA","0","0","0"
"source_to_ast","complete","generic_end","natural","4","0","4","2","2","2","2","1.000","0","2","0","0","1.000","1.000","7718","2","599","2","96","2","0","2","503","2","8317","2","8317","2","4","2","0.000","59951.500","59951.500","NA","4158.500","4158.500","NA","0","0","0","1.000","2","0","0"
"source_to_ast","complete","generic_end","natural","4","8","4","2","2","2","2","1.000","0","2","0","0","1.000","1.000","7839","2","868","2","171","2","0","2","697","2","8707","2","8707","2","4","2","0.000","56127.500","56127.500","NA","4353.500","4353.500","NA","0","0","0","1.000","2","0","0"
"source_to_ast","complete","generic_end","natural","4","32","4","1","1","1","1","1.000","0","3","0","0","1.000","1.000","4103","1","723","1","71","1","0","1","652","1","4826","1","4826","1","2","1","0.000","60768.000","60768.000","NA","4826.000","4826.000","NA","0","0","0","1.000","1","0","0"
"source_to_ast","complete","generic_end","natural","8","0","4","0","0","0","0","NA","0","4","0","0","NA","NA","0","0","0","0","0","0","0","0","0","0","0","0","0","0","0","0","NA","NA","NA","NA","NA","NA","NA","0","0","0","NA","0","0","0"
"source_to_ast","complete","generic_end","natural","8","8","4","0","0","0","0","NA","0","4","0","0","NA","NA","0","0","0","0","0","0","0","0","0","0","0","0","0","0","0","0","NA","NA","NA","NA","NA","NA","NA","0","0","0","NA","0","0","0"
"source_to_ast","complete","generic_end","natural","8","32","4","1","1","1","1","1.000","0","3","0","0","1.000","1.000","4172","1","981","1","181","1","0","1","800","1","5153","1","5153","1","2","1","0.000","60409.000","60409.000","NA","5153.000","5153.000","NA","0","0","0","1.000","1","0","0"
"source_to_ast","complete","generic_end","natural","16","0","4","2","2","2","0","0.000","0","2","0","0","0.000","0.000","8118","2","1856","2","523","2","0","2","1333","2","9974","2","9974","2","4","2","0.000","61744.000","61744.000","NA","NA","NA","NA","0","2","0","0.000","2","0","0"
"source_to_ast","complete","generic_end","natural","16","8","4","1","1","1","0","0.000","0","3","0","0","0.000","0.000","4130","1","987","1","204","1","0","1","783","1","5117","1","5117","1","2","1","0.000","65175.000","65175.000","NA","NA","NA","NA","0","1","0","0.000","1","0","0"
"source_to_ast","complete","generic_end","natural","16","32","4","1","1","1","0","0.000","0","3","0","0","0.000","0.000","4297","1","1287","1","223","1","0","1","1064","1","5584","1","5584","1","2","1","0.000","65926.000","65926.000","NA","NA","NA","NA","0","1","0","0.000","1","0","0"
"source_to_ast","complete","generic_end","nonce","2","0","4","1","1","1","1","1.000","0","3","0","0","1.000","1.000","3970","1","212","1","21","1","0","1","191","1","4182","1","4182","1","2","1","0.000","59855.000","59855.000","NA","4182.000","4182.000","NA","0","0","0","1.000","1","0","0"
"source_to_ast","complete","generic_end","nonce","2","8","4","0","0","0","0","NA","0","4","0","0","NA","NA","0","0","0","0","0","0","0","0","0","0","0","0","0","0","0","0","NA","NA","NA","NA","NA","NA","NA","0","0","0","NA","0","0","0"
"source_to_ast","complete","generic_end","nonce","2","32","4","0","0","0","0","NA","0","4","0","0","NA","NA","0","0","0","0","0","0","0","0","0","0","0","0","0","0","0","0","NA","NA","NA","NA","NA","NA","NA","0","0","0","NA","0","0","0"
"source_to_ast","complete","generic_end","nonce","4","0","4","1","1","1","1","1.000","0","3","0","0","1.000","1.000","4015","1","360","1","104","1","0","1","256","1","4375","1","4375","1","2","1","0.000","60153.000","60153.000","NA","4375.000","4375.000","NA","0","0","0","1.000","1","0","0"
"source_to_ast","complete","generic_end","nonce","4","8","4","1","1","1","1","1.000","0","3","0","0","1.000","1.000","4024","1","420","1","72","1","0","1","348","1","4444","1","4444","1","2","1","0.000","10784.000","10784.000","NA","4444.000","4444.000","NA","0","0","0","1.000","1","0","0"
"source_to_ast","complete","generic_end","nonce","4","32","4","2","2","2","2","1.000","0","2","0","0","1.000","1.000","8531","2","1444","2","124","2","0","2","1320","2","9975","2","9975","2","4","2","0.000","59669.500","59669.500","NA","4987.500","4987.500","NA","0","0","0","1.000","2","0","0"
"source_to_ast","complete","generic_end","nonce","8","0","4","2","2","2","2","1.000","0","2","0","0","1.000","1.000","8157","2","1143","2","367","2","0","2","776","2","9300","2","9300","2","4","2","0.000","58425.500","58425.500","NA","4650.000","4650.000","NA","0","0","0","1.000","2","0","0"
"source_to_ast","complete","generic_end","nonce","8","8","4","1","1","1","1","1.000","0","3","0","0","1.000","1.000","4106","1","691","1","187","1","0","1","504","1","4797","1","4797","1","2","1","0.000","60351.000","60351.000","NA","4797.000","4797.000","NA","0","0","0","1.000","1","0","0"
"source_to_ast","complete","generic_end","nonce","8","32","4","0","0","0","0","NA","0","4","0","0","NA","NA","0","0","0","0","0","0","0","0","0","0","0","0","0","0","0","0","NA","NA","NA","NA","NA","NA","NA","0","0","0","NA","0","0","0"
"source_to_ast","complete","generic_end","nonce","16","0","4","2","2","2","1","0.500","0","2","0","0","0.500","0.500","8395","2","1661","2","327","2","0","2","1334","2","10056","2","10056","2","4","2","0.000","60300.500","60300.500","NA","10056.000","10056.000","NA","0","1","0","0.500","2","0","0"
"source_to_ast","complete","generic_end","nonce","16","8","4","1","1","1","0","0.000","0","3","0","0","0.000","0.000","4242","1","1353","1","575","1","0","1","778","1","5595","1","5595","1","2","1","0.000","66535.000","66535.000","NA","NA","NA","NA","0","1","0","0.000","1","0","0"
"source_to_ast","complete","generic_end","nonce","16","32","4","1","1","1","0","0.000","0","3","0","0","0.000","0.000","4443","1","1358","1","270","1","0","1","1088","1","5801","1","5801","1","2","1","0.000","57950.000","57950.000","NA","NA","NA","NA","0","1","0","0.000","1","0","0"
"source_to_ast","complete","named_end","natural","2","0","4","1","1","1","1","1.000","0","3","0","0","1.000","1.000","4124","1","200","1","22","1","0","1","178","1","4324","1","4324","1","2","1","0.000","59674.000","59674.000","NA","4324.000","4324.000","NA","0","0","0","1.000","1","0","0"
"source_to_ast","complete","named_end","natural","2","8","4","2","2","2","2","1.000","0","2","0","0","1.000","1.000","8366","2","602","2","45","2","0","2","557","2","8968","2","8968","2","4","2","0.000","59958.000","59958.000","NA","4484.000","4484.000","NA","0","0","0","1.000","2","0","0"
"source_to_ast","complete","named_end","natural","2","32","4","0","0","0","0","NA","0","4","0","0","NA","NA","0","0","0","0","0","0","0","0","0","0","0","0","0","0","0","0","NA","NA","NA","NA","NA","NA","NA","0","0","0","NA","0","0","0"
"source_to_ast","complete","named_end","natural","4","0","4","2","2","2","2","1.000","0","2","0","0","1.000","1.000","8336","2","575","2","72","2","0","2","503","2","8911","2","8911","2","4","2","0.000","59722.500","59722.500","NA","4455.500","4455.500","NA","0","0","0","1.000","2","0","0"
"source_to_ast","complete","named_end","natural","4","8","4","2","2","2","2","1.000","0","2","0","0","1.000","1.000","8461","2","760","2","63","2","0","2","697","2","9221","2","9221","2","4","2","0.000","61997.500","61997.500","NA","4610.500","4610.500","NA","0","0","0","1.000","2","0","0"
"source_to_ast","complete","named_end","natural","4","32","4","1","1","1","1","1.000","0","3","0","0","1.000","1.000","4413","1","698","1","46","1","0","1","652","1","5111","1","5111","1","2","1","0.000","61544.000","61544.000","NA","5111.000","5111.000","NA","0","0","0","1.000","1","0","0"
"source_to_ast","complete","named_end","natural","8","0","4","0","0","0","0","NA","0","4","0","0","NA","NA","0","0","0","0","0","0","0","0","0","0","0","0","0","0","0","0","NA","NA","NA","NA","NA","NA","NA","0","0","0","NA","0","0","0"
"source_to_ast","complete","named_end","natural","8","8","4","0","0","0","0","NA","0","4","0","0","NA","NA","0","0","0","0","0","0","0","0","0","0","0","0","0","0","0","0","NA","NA","NA","NA","NA","NA","NA","0","0","0","NA","0","0","0"
"source_to_ast","complete","named_end","natural","8","32","4","1","1","1","0","0.000","0","3","0","0","0.000","0.000","4508","1","849","1","48","1","0","1","801","1","5357","1","5357","1","2","1","0.000","59493.000","59493.000","NA","NA","NA","NA","0","1","0","0.000","1","0","0"
"source_to_ast","complete","named_end","natural","16","0","4","2","2","2","2","1.000","0","2","0","0","1.000","1.000","8895","2","1506","2","171","2","0","2","1335","2","10401","2","10401","2","4","2","0.000","58985.500","58985.500","NA","5200.500","5200.500","NA","0","0","0","1.000","2","0","0"
"source_to_ast","complete","named_end","natural","16","8","4","1","1","1","0","0.000","0","3","0","0","0.000","0.000","4525","1","965","1","182","1","0","1","783","1","5490","1","5490","1","2","1","0.000","59443.000","59443.000","NA","NA","NA","NA","0","1","0","0.000","1","0","0"
"source_to_ast","complete","named_end","natural","16","32","4","1","1","1","0","0.000","0","3","0","0","0.000","0.000","4685","1","1301","1","237","1","0","1","1064","1","5986","1","5986","1","2","1","0.000","59860.000","59860.000","NA","NA","NA","NA","0","1","0","0.000","1","0","0"
"source_to_ast","complete","named_end","nonce","2","0","4","1","1","1","1","1.000","0","3","0","0","1.000","1.000","4310","1","224","1","33","1","0","1","191","1","4534","1","4534","1","2","1","0.000","60271.000","60271.000","NA","4534.000","4534.000","NA","0","0","0","1.000","1","0","0"
"source_to_ast","complete","named_end","nonce","2","8","4","0","0","0","0","NA","0","4","0","0","NA","NA","0","0","0","0","0","0","0","0","0","0","0","0","0","0","0","0","NA","NA","NA","NA","NA","NA","NA","0","0","0","NA","0","0","0"
"source_to_ast","complete","named_end","nonce","2","32","4","0","0","0","0","NA","0","4","0","0","NA","NA","0","0","0","0","0","0","0","0","0","0","0","0","0","0","0","0","NA","NA","NA","NA","NA","NA","NA","0","0","0","NA","0","0","0"
"source_to_ast","complete","named_end","nonce","4","0","4","1","1","1","1","1.000","0","3","0","0","1.000","1.000","4357","1","289","1","33","1","0","1","256","1","4646","1","4646","1","2","1","0.000","7401.000","7401.000","NA","4646.000","4646.000","NA","0","0","0","1.000","1","0","0"
"source_to_ast","complete","named_end","nonce","4","8","4","1","1","1","1","1.000","0","3","0","0","1.000","1.000","4381","1","445","1","97","1","0","1","348","1","4826","1","4826","1","2","1","0.000","59415.000","59415.000","NA","4826.000","4826.000","NA","0","0","0","1.000","1","0","0"
"source_to_ast","complete","named_end","nonce","4","32","4","2","2","2","2","1.000","0","2","0","0","1.000","1.000","9232","2","1634","2","314","2","0","2","1320","2","10866","2","10866","2","4","2","0.000","60438.000","60438.000","NA","5433.000","5433.000","NA","0","0","0","1.000","2","0","0"
"source_to_ast","complete","named_end","nonce","8","0","4","2","2","2","2","1.000","0","2","0","0","1.000","1.000","8895","2","995","2","219","2","0","2","776","2","9890","2","9890","2","4","2","0.000","59938.000","59938.000","NA","4945.000","4945.000","NA","0","0","0","1.000","2","0","0"
"source_to_ast","complete","named_end","nonce","8","8","4","1","1","1","0","0.000","0","3","0","0","0.000","0.000","4494","1","587","1","82","1","0","1","505","1","5081","1","5081","1","2","1","0.000","54145.000","54145.000","NA","NA","NA","NA","0","1","0","0.000","1","0","0"
"source_to_ast","complete","named_end","nonce","8","32","4","0","0","0","0","NA","0","4","0","0","NA","NA","0","0","0","0","0","0","0","0","0","0","0","0","0","0","0","0","NA","NA","NA","NA","NA","NA","NA","0","0","0","NA","0","0","0"
"source_to_ast","complete","named_end","nonce","16","0","4","2","2","2","1","0.500","0","2","0","0","0.500","0.500","9286","2","1718","2","384","2","0","2","1334","2","11004","2","11004","2","4","2","0.000","61597.500","61597.500","NA","11004.000","11004.000","NA","0","1","0","0.500","2","0","0"
"source_to_ast","complete","named_end","nonce","16","8","4","1","1","1","1","1.000","0","3","0","0","1.000","1.000","4689","1","974","1","197","1","0","1","777","1","5663","1","5663","1","2","1","0.000","61372.000","61372.000","NA","5663.000","5663.000","NA","0","0","0","1.000","1","0","0"
"source_to_ast","complete","named_end","nonce","16","32","4","1","1","1","0","0.000","0","3","0","0","0.000","0.000","4875","1","1237","1","150","1","0","1","1087","1","6112","1","6112","1","2","1","0.000","56856.000","56856.000","NA","NA","NA","NA","0","1","0","0.000","1","0","0"
"source_to_ast","complete","padded_end","natural","2","0","4","1","1","1","1","1.000","0","3","0","0","1.000","1.000","4017","1","222","1","44","1","0","1","178","1","4239","1","4239","1","2","1","0.000","59277.000","59277.000","NA","4239.000","4239.000","NA","0","0","0","1.000","1","0","0"
"source_to_ast","complete","padded_end","natural","2","8","4","2","2","2","2","1.000","0","2","0","0","1.000","1.000","8155","2","647","2","90","2","0","2","557","2","8802","2","8802","2","4","2","0.000","58991.000","58991.000","NA","4401.000","4401.000","NA","0","0","0","1.000","2","0","0"
"source_to_ast","complete","padded_end","natural","2","32","4","0","0","0","0","NA","0","4","0","0","NA","NA","0","0","0","0","0","0","0","0","0","0","0","0","0","0","0","0","NA","NA","NA","NA","NA","NA","NA","0","0","0","NA","0","0","0"
"source_to_ast","complete","padded_end","natural","4","0","4","2","2","2","2","1.000","0","2","0","0","1.000","1.000","8118","2","664","2","161","2","0","2","503","2","8782","2","8782","2","4","2","0.000","34272.000","34272.000","NA","4391.000","4391.000","NA","0","0","0","1.000","2","0","0"
"source_to_ast","complete","padded_end","natural","4","8","4","2","2","2","2","1.000","0","2","0","0","1.000","1.000","8239","2","842","2","145","2","0","2","697","2","9081","2","9081","2","4","2","0.000","59757.000","59757.000","NA","4540.500","4540.500","NA","0","0","0","1.000","2","0","0"
"source_to_ast","complete","padded_end","natural","4","32","4","1","1","1","1","1.000","0","3","0","0","1.000","1.000","4303","1","733","1","81","1","0","1","652","1","5036","1","5036","1","2","1","0.000","59539.000","59539.000","NA","5036.000","5036.000","NA","0","0","0","1.000","1","0","0"
"source_to_ast","complete","padded_end","natural","8","0","4","0","0","0","0","NA","0","4","0","0","NA","NA","0","0","0","0","0","0","0","0","0","0","0","0","0","0","0","0","NA","NA","NA","NA","NA","NA","NA","0","0","0","NA","0","0","0"
"source_to_ast","complete","padded_end","natural","8","8","4","0","0","0","0","NA","0","4","0","0","NA","NA","0","0","0","0","0","0","0","0","0","0","0","0","0","0","0","0","NA","NA","NA","NA","NA","NA","NA","0","0","0","NA","0","0","0"
"source_to_ast","complete","padded_end","natural","8","32","4","1","1","1","1","1.000","0","3","0","0","1.000","1.000","4388","1","928","1","128","1","0","1","800","1","5316","1","5316","1","2","1","0.000","63937.000","63937.000","NA","5316.000","5316.000","NA","0","0","0","1.000","1","0","0"
"source_to_ast","complete","padded_end","natural","16","0","4","2","2","2","1","0.500","0","2","0","0","0.500","0.500","8614","2","1763","2","429","2","0","2","1334","2","10377","2","10377","2","4","2","0.000","35253.000","35253.000","NA","10377.000","10377.000","NA","0","1","0","0.500","2","0","0"
"source_to_ast","complete","padded_end","natural","16","8","4","1","1","1","0","0.000","0","3","0","0","0.000","0.000","4378","1","949","1","166","1","0","1","783","1","5327","1","5327","1","2","1","0.000","11473.000","11473.000","NA","NA","NA","NA","0","1","0","0.000","1","0","0"
"source_to_ast","complete","padded_end","natural","16","32","4","1","1","1","1","1.000","0","3","0","0","1.000","1.000","4545","1","1296","1","234","1","0","1","1062","1","5841","1","5841","1","2","1","0.000","60273.000","60273.000","NA","5841.000","5841.000","NA","0","0","0","1.000","1","0","0"
"source_to_ast","complete","padded_end","nonce","2","0","4","1","1","1","1","1.000","0","3","0","0","1.000","1.000","4162","1","221","1","30","1","0","1","191","1","4383","1","4383","1","2","1","0.000","53640.000","53640.000","NA","4383.000","4383.000","NA","0","0","0","1.000","1","0","0"
"source_to_ast","complete","padded_end","nonce","2","8","4","0","0","0","0","NA","0","4","0","0","NA","NA","0","0","0","0","0","0","0","0","0","0","0","0","0","0","0","0","NA","NA","NA","NA","NA","NA","NA","0","0","0","NA","0","0","0"
"source_to_ast","complete","padded_end","nonce","2","32","4","0","0","0","0","NA","0","4","0","0","NA","NA","0","0","0","0","0","0","0","0","0","0","0","0","0","0","0","0","NA","NA","NA","NA","NA","NA","NA","0","0","0","NA","0","0","0"
"source_to_ast","complete","padded_end","nonce","4","0","4","1","1","1","1","1.000","0","3","0","0","1.000","1.000","4215","1","308","1","52","1","0","1","256","1","4523","1","4523","1","2","1","0.000","57648.000","57648.000","NA","4523.000","4523.000","NA","0","0","0","1.000","1","0","0"
"source_to_ast","complete","padded_end","nonce","4","8","4","1","1","1","1","1.000","0","3","0","0","1.000","1.000","4224","1","499","1","151","1","0","1","348","1","4723","1","4723","1","2","1","0.000","61613.000","61613.000","NA","4723.000","4723.000","NA","0","0","0","1.000","1","0","0"
"source_to_ast","complete","padded_end","nonce","4","32","4","2","2","2","2","1.000","0","2","0","0","1.000","1.000","8931","2","1505","2","185","2","0","2","1320","2","10436","2","10436","2","4","2","0.000","61530.000","61530.000","NA","5218.000","5218.000","NA","0","0","0","1.000","2","0","0"
"source_to_ast","complete","padded_end","nonce","8","0","4","2","2","2","2","1.000","0","2","0","0","1.000","1.000","8589","2","1121","2","345","2","0","2","776","2","9710","2","9710","2","4","2","0.000","59800.000","59800.000","NA","4855.000","4855.000","NA","0","0","0","1.000","2","0","0"
"source_to_ast","complete","padded_end","nonce","8","8","4","1","1","1","1","1.000","0","3","0","0","1.000","1.000","4322","1","610","1","106","1","0","1","504","1","4932","1","4932","1","2","1","0.000","61039.000","61039.000","NA","4932.000","4932.000","NA","0","0","0","1.000","1","0","0"
"source_to_ast","complete","padded_end","nonce","8","32","4","0","0","0","0","NA","0","4","0","0","NA","NA","0","0","0","0","0","0","0","0","0","0","0","0","0","0","0","0","NA","NA","NA","NA","NA","NA","NA","0","0","0","NA","0","0","0"
"source_to_ast","complete","padded_end","nonce","16","0","4","2","2","2","0","0.000","0","2","0","0","0.000","0.000","8891","2","1783","2","447","2","0","2","1336","2","10674","2","10674","2","4","2","0.000","33983.500","33983.500","NA","NA","NA","NA","0","2","0","0.000","2","0","0"
"source_to_ast","complete","padded_end","nonce","16","8","4","1","1","1","0","0.000","0","3","0","0","0.000","0.000","4490","1","993","1","214","1","0","1","779","1","5483","1","5483","1","2","1","0.000","11558.000","11558.000","NA","NA","NA","NA","0","1","0","0.000","1","0","0"
"source_to_ast","complete","padded_end","nonce","16","32","4","1","1","1","0","0.000","0","3","0","0","0.000","0.000","4691","1","1335","1","249","1","0","1","1086","1","6026","1","6026","1","2","1","0.000","11310.000","11310.000","NA","NA","NA","NA","0","1","0","0.000","1","0","0"
"source_to_ast","complete","typed_end","natural","2","0","4","1","1","1","1","1.000","0","3","0","0","1.000","1.000","3878","1","217","1","39","1","0","1","178","1","4095","1","4095","1","2","1","0.000","60363.000","60363.000","NA","4095.000","4095.000","NA","0","0","0","1.000","1","0","0"
"source_to_ast","complete","typed_end","natural","2","8","4","2","2","2","2","1.000","0","2","0","0","1.000","1.000","7877","2","605","2","48","2","0","2","557","2","8482","2","8482","2","4","2","0.000","55620.000","55620.000","NA","4241.000","4241.000","NA","0","0","0","1.000","2","0","0"
"source_to_ast","complete","typed_end","natural","2","32","4","0","0","0","0","NA","0","4","0","0","NA","NA","0","0","0","0","0","0","0","0","0","0","0","0","0","0","0","0","NA","NA","NA","NA","NA","NA","NA","0","0","0","NA","0","0","0"
"source_to_ast","complete","typed_end","natural","4","0","4","2","2","2","2","1.000","0","2","0","0","1.000","1.000","7828","2","562","2","59","2","0","2","503","2","8390","2","8390","2","4","2","0.000","59974.000","59974.000","NA","4195.000","4195.000","NA","0","0","0","1.000","2","0","0"
"source_to_ast","complete","typed_end","natural","4","8","4","2","2","2","2","1.000","0","2","0","0","1.000","1.000","7949","2","768","2","71","2","0","2","697","2","8717","2","8717","2","4","2","0.000","59731.000","59731.000","NA","4358.500","4358.500","NA","0","0","0","1.000","2","0","0"
"source_to_ast","complete","typed_end","natural","4","32","4","1","1","1","1","1.000","0","3","0","0","1.000","1.000","4158","1","712","1","60","1","0","1","652","1","4870","1","4870","1","2","1","0.000","55082.000","55082.000","NA","4870.000","4870.000","NA","0","0","0","1.000","1","0","0"
"source_to_ast","complete","typed_end","natural","8","0","4","0","0","0","0","NA","0","4","0","0","NA","NA","0","0","0","0","0","0","0","0","0","0","0","0","0","0","0","0","NA","NA","NA","NA","NA","NA","NA","0","0","0","NA","0","0","0"
"source_to_ast","complete","typed_end","natural","8","8","4","0","0","0","0","NA","0","4","0","0","NA","NA","0","0","0","0","0","0","0","0","0","0","0","0","0","0","0","0","NA","NA","NA","NA","NA","NA","NA","0","0","0","NA","0","0","0"
"source_to_ast","complete","typed_end","natural","8","32","4","1","1","1","0","0.000","0","3","0","0","0.000","0.000","4231","1","848","1","47","1","0","1","801","1","5079","1","5079","1","2","1","0.000","59707.000","59707.000","NA","NA","NA","NA","0","1","0","0.000","1","0","0"
"source_to_ast","complete","typed_end","natural","16","0","4","2","2","2","1","0.500","0","2","0","0","0.500","0.500","8252","2","1805","2","471","2","0","2","1334","2","10057","2","10057","2","4","2","0.000","56014.500","56014.500","NA","10057.000","10057.000","NA","0","1","0","0.500","2","0","0"
"source_to_ast","complete","typed_end","natural","16","8","4","1","1","1","1","1.000","0","3","0","0","1.000","1.000","4197","1","1003","1","221","1","0","1","782","1","5200","1","5200","1","2","1","0.000","60458.000","60458.000","NA","5200.000","5200.000","NA","0","0","0","1.000","1","0","0"
"source_to_ast","complete","typed_end","natural","16","32","4","1","1","1","0","0.000","0","3","0","0","0.000","0.000","4364","1","1321","1","258","1","0","1","1063","1","5685","1","5685","1","2","1","0.000","59838.000","59838.000","NA","NA","NA","NA","0","1","0","0.000","1","0","0"
"source_to_ast","complete","typed_end","nonce","2","0","4","1","1","1","1","1.000","0","3","0","0","1.000","1.000","4066","1","220","1","29","1","0","1","191","1","4286","1","4286","1","2","1","0.000","59585.000","59585.000","NA","4286.000","4286.000","NA","0","0","0","1.000","1","0","0"
"source_to_ast","complete","typed_end","nonce","2","8","4","0","0","0","0","NA","0","4","0","0","NA","NA","0","0","0","0","0","0","0","0","0","0","0","0","0","0","0","0","NA","NA","NA","NA","NA","NA","NA","0","0","0","NA","0","0","0"
"source_to_ast","complete","typed_end","nonce","2","32","4","0","0","0","0","NA","0","4","0","0","NA","NA","0","0","0","0","0","0","0","0","0","0","0","0","0","0","0","0","NA","NA","NA","NA","NA","NA","NA","0","0","0","NA","0","0","0"
"source_to_ast","complete","typed_end","nonce","4","0","4","1","1","1","1","1.000","0","3","0","0","1.000","1.000","4105","1","293","1","37","1","0","1","256","1","4398","1","4398","1","2","1","0.000","59311.000","59311.000","NA","4398.000","4398.000","NA","0","0","0","1.000","1","0","0"
"source_to_ast","complete","typed_end","nonce","4","8","4","1","1","1","1","1.000","0","3","0","0","1.000","1.000","4124","1","431","1","83","1","0","1","348","1","4555","1","4555","1","2","1","0.000","59993.000","59993.000","NA","4555.000","4555.000","NA","0","0","0","1.000","1","0","0"
"source_to_ast","complete","typed_end","nonce","4","32","4","2","2","2","2","1.000","0","2","0","0","1.000","1.000","8722","2","1558","2","238","2","0","2","1320","2","10280","2","10280","2","4","2","0.000","57056.500","57056.500","NA","5140.000","5140.000","NA","0","0","0","1.000","2","0","0"
"source_to_ast","complete","typed_end","nonce","8","0","4","2","2","2","2","1.000","0","2","0","0","1.000","1.000","8343","2","1077","2","301","2","0","2","776","2","9420","2","9420","2","4","2","0.000","60607.500","60607.500","NA","4710.000","4710.000","NA","0","0","0","1.000","2","0","0"
"source_to_ast","complete","typed_end","nonce","8","8","4","1","1","1","0","0.000","0","3","0","0","0.000","0.000","4214","1","636","1","131","1","0","1","505","1","4850","1","4850","1","2","1","0.000","59518.000","59518.000","NA","NA","NA","NA","0","1","0","0.000","1","0","0"
"source_to_ast","complete","typed_end","nonce","8","32","4","0","0","0","0","NA","0","4","0","0","NA","NA","0","0","0","0","0","0","0","0","0","0","0","0","0","0","0","0","NA","NA","NA","NA","NA","NA","NA","0","0","0","NA","0","0","0"
"source_to_ast","complete","typed_end","nonce","16","0","4","2","2","2","0","0.000","0","2","0","0","0.000","0.000","8643","2","1915","2","582","2","0","2","1333","2","10558","2","10558","2","4","2","0.000","61030.000","61030.000","NA","NA","NA","NA","0","2","0","0.000","2","0","0"
"source_to_ast","complete","typed_end","nonce","16","8","4","1","1","1","1","1.000","0","3","0","0","1.000","1.000","4366","1","1033","1","256","1","0","1","777","1","5399","1","5399","1","2","1","0.000","59329.000","59329.000","NA","5399.000","5399.000","NA","0","0","0","1.000","1","0","0"
"source_to_ast","complete","typed_end","nonce","16","32","4","1","1","1","1","1.000","0","3","0","0","1.000","1.000","4546","1","1601","1","516","1","0","1","1085","1","6147","1","6147","1","2","1","0.000","67469.000","67469.000","NA","6147.000","6147.000","NA","0","0","0","1.000","1","0","0"
"ALL","ALL","ALL","natural","2","0","40","10","10","10","10","1.000","0","30","0","0","1.000","1.000","52870","10","1623","10","224","10","0","10","1399","10","54493","10","54493","10","20","10","0.000","58147.400","58147.400","NA","5449.300","5449.300","NA","0","0","0","1.000","10","0","0"
"ALL","ALL","ALL","natural","2","8","40","15","15","15","15","1.000","0","25","0","0","1.000","1.000","74279","15","4168","15","599","15","0","15","3569","15","78447","15","78447","15","30","15","0.000","54724.933","54724.933","NA","5229.800","5229.800","NA","0","0","0","1.000","15","0","0"
"ALL","ALL","ALL","natural","2","32","40","10","10","10","10","1.000","0","30","0","0","1.000","1.000","77096","10","4088","10","653","10","0","10","3435","10","81184","10","81184","10","20","10","0.000","48864.900","48864.900","NA","8118.400","8118.400","NA","0","0","0","1.000","10","0","0"
"ALL","ALL","ALL","natural","4","0","40","30","30","30","26","0.867","0","10","0","0","0.867","0.867","174677","30","6925","30","1706","30","0","30","5219","30","181602","30","181602","30","60","30","0.000","51905.567","51905.567","NA","6984.692","6984.692","NA","0","0","0","0.867","30","4","0"
"ALL","ALL","ALL","natural","4","8","40","10","10","10","10","1.000","0","30","0","0","1.000","1.000","40239","10","4103","10","618","10","0","10","3485","10","44342","10","44342","10","20","10","0.000","57986.200","57986.200","NA","4434.200","4434.200","NA","0","0","0","1.000","10","0","0"
"ALL","ALL","ALL","natural","4","32","40","10","10","10","9","0.900","0","30","0","0","0.900","0.900","60354","10","5676","10","484","10","0","10","5192","10","66030","10","66030","10","20","10","0.000","58605.400","58605.400","NA","7336.667","7336.667","NA","0","0","0","1.000","10","0","1"
"ALL","ALL","ALL","natural","8","0","40","5","5","5","3","0.600","0","35","0","0","0.600","0.600","35143","5","1588","5","530","5","0","5","1058","5","36731","5","36731","5","10","5","0.000","58451.400","58451.400","NA","12243.667","12243.667","NA","0","0","0","0.600","5","2","0"
"ALL","ALL","ALL","natural","8","8","40","10","10","10","5","0.500","0","30","0","0","0.500","0.500","73026","10","4067","10","1315","10","0","10","2752","10","77093","10","77093","10","22","10","0.000","54606.500","54606.500","NA","15418.600","15418.600","NA","0","0","0","0.500","10","5","0"
"ALL","ALL","ALL","natural","8","32","40","10","10","10","4","0.400","0","30","0","0","0.400","0.400","61651","10","7529","10","1266","10","0","10","6263","10","69180","10","69180","10","20","10","0.000","49750.500","49750.500","NA","17295.000","17295.000","NA","0","2","0","0.400","10","4","0"
"ALL","ALL","ALL","natural","16","0","40","25","25","25","8","0.320","0","15","0","0","0.320","0.320","154614","25","16079","25","4099","25","0","25","11980","25","170693","25","170693","25","50","25","0.000","54714.840","54714.840","NA","21336.625","21336.625","NA","0","5","0","0.320","25","12","0"
"ALL","ALL","ALL","natural","16","8","40","10","10","10","2","0.200","0","30","0","0","0.200","0.200","60387","10","8150","10","2126","10","0","10","6024","10","68537","10","68537","10","20","10","0.000","50629.600","50629.600","NA","34268.500","34268.500","NA","0","4","0","0.200","10","4","0"
"ALL","ALL","ALL","natural","16","32","40","10","10","10","1","0.100","0","30","0","0","0.100","0.100","64910","10","10345","10","2081","10","0","10","8264","10","75255","10","75255","10","20","10","0.000","55251.300","55251.300","NA","75255.000","75255.000","NA","0","4","0","0.200","10","4","1"
"ALL","ALL","ALL","nonce","2","0","40","15","15","15","15","1.000","0","25","0","0","1.000","1.000","87879","15","2503","15","454","15","0","15","2049","15","90382","15","90382","15","30","15","0.000","54758.067","54758.067","NA","6025.467","6025.467","NA","0","0","0","1.000","15","0","0"
"ALL","ALL","ALL","nonce","2","8","40","0","0","0","0","NA","0","40","0","0","NA","NA","0","0","0","0","0","0","0","0","0","0","0","0","0","0","0","0","NA","NA","NA","NA","NA","NA","NA","0","0","0","NA","0","0","0"
"ALL","ALL","ALL","nonce","2","32","40","10","10","10","10","1.000","0","30","0","0","1.000","1.000","78307","10","4294","10","447","10","0","10","3847","10","82601","10","82601","10","20","10","0.000","53429.400","53429.400","NA","8260.100","8260.100","NA","0","0","0","1.000","10","0","0"
"ALL","ALL","ALL","nonce","4","0","40","20","20","20","17","0.850","0","20","0","0","0.850","0.850","123656","20","4600","20","1128","20","0","20","3472","20","128256","20","128256","20","40","20","0.000","50807.700","50807.700","NA","7544.471","7544.471","NA","0","0","0","0.850","20","3","0"
"ALL","ALL","ALL","nonce","4","8","40","15","15","15","15","1.000","0","25","0","0","1.000","1.000","92080","15","4945","15","1023","15","0","15","3922","15","97025","15","97025","15","30","15","0.000","49527.200","49527.200","NA","6468.333","6468.333","NA","0","0","0","1.000","15","0","0"
"ALL","ALL","ALL","nonce","4","32","40","10","10","10","10","1.000","0","30","0","0","1.000","1.000","43859","10","7587","10","987","10","0","10","6600","10","51446","10","51446","10","20","10","0.000","59318.200","59318.200","NA","5144.600","5144.600","NA","0","0","0","1.000","10","0","0"
"ALL","ALL","ALL","nonce","8","0","40","20","20","20","14","0.700","0","20","0","0","0.700","0.700","113407","20","8867","20","2701","20","0","20","6166","20","122274","20","122274","20","40","20","0.000","58943.600","58943.600","NA","8733.857","8733.857","NA","0","0","0","0.700","20","6","0"
"ALL","ALL","ALL","nonce","8","8","40","15","15","10","3","0.300","5","25","0","0","0.200","0.200","58120","10","5327","10","1340","10","0","10","3987","10","63447","10","63447","10","30","15","0.000","52207.667","52207.667","NA","NA","NA","NA","0","3","0","0.300","10","4","0"
"ALL","ALL","ALL","nonce","8","32","40","5","5","5","1","0.200","0","35","0","0","0.200","0.200","41116","5","2854","5","524","5","0","5","2330","5","43970","5","43970","5","10","5","0.000","58929.000","58929.000","NA","43970.000","43970.000","NA","0","0","0","0.400","5","3","1"
"ALL","ALL","ALL","nonce","16","0","40","15","15","15","3","0.200","0","25","0","0","0.200","0.200","81466","15","11588","15","3056","15","0","15","8532","15","93054","15","93054","15","30","15","0.000","46415.600","46415.600","NA","31018.000","31018.000","NA","0","8","0","0.200","15","4","0"
"ALL","ALL","ALL","nonce","16","8","40","15","15","15","4","0.267","0","25","0","0","0.267","0.267","101289","15","11591","15","3082","15","0","15","8509","15","112880","15","112880","15","30","15","0.000","53999.067","53999.067","NA","28220.000","28220.000","NA","0","3","0","0.267","15","8","0"
"ALL","ALL","ALL","nonce","16","32","40","5","5","5","1","0.200","0","35","0","0","0.200","0.200","22885","5","6986","5","1553","5","0","5","5433","5","29871","5","29871","5","10","5","0.000","51093.000","51093.000","NA","29871.000","29871.000","NA","0","4","0","0.200","5","0","0"
